jobs_id,course_id,url,jobs,masco,imperfect_match,imperfect_masco
jobs-001,KKOM-CET-005,Link,2D Animator,,Profesional Kesan Visual Dan Animasi,2541
jobs-002,KKOM-DIP-002,Link,3D Animator,,3D Generalist,2541-31
jobs-003,KKOM-DIP-002,Link,3D Modeller,2541-05,3D Generalist,2541-31
jobs-004,KKOM-DIP-006,Link,3D Modeller,2541-05,3D Generalist,2541-31
jobs-005,KKOM-CET-006,Link,3D Modeller,2541-05,3D Generalist,2541-31
jobs-006,POLY-DIP-001,Link,Agropreneur (Usahawan Tani),,"Pengurus Pengeluaran Pertanian, Perhutanan, Dan Penternakan",1311
jobs-007,POLY-DIP-067,Link,Animator 2D/3D,,Profesional Kesan Visual Dan Animasi,2541
jobs-008,POLY-DIP-072,Link,App Developer (Android/iOS),,Antara Muka Pengguna (UI) atau Gameplay Coders,2514-34
jobs-009,POLY-DIP-059,Link,Arkitek Kapal (Naval Architect),,Arkitek Kapal,2171-05
jobs-010,POLY-DIP-054,Link,Art Director,,Pengurus Kreatif Multimedia,1511-28
jobs-011,IJTM-CET-036,Link,Artis DTP (Desktop Publishing),,Artis Grafik,2541-14
jobs-012,POLY-DIP-071,Link,Auditor Halal,,Pengurus Pematuhan Halal,1214-10
jobs-013,POLY-DIP-011,Link,Auditor Tenaga (Energy Auditor),,Juruteknik Audit Tenaga,3313-18
jobs-014,KKOM-DIP-012,Link,AV Technician,,Juruteknik Peralatan Audio dan Video,3521-13
jobs-015,POLY-DIP-076,Link,Backend Developer,,Pembangun Web Dan Multimedia,2513
jobs-016,KKOM-DIP-010,Link,Baker,,"Pembuat Roti, Pastri, Pasta, Dan Konfeksi",7512
jobs-017,KKOM-CET-013,Link,Baker,,"Pembuat Roti, Pastri, Pasta, Dan Konfeksi",7512
jobs-018,KKOM-CET-007,Link,Barber,5141-03,Barbender,7111-06
jobs-019,KKOM-CET-002,Link,Barista,5131-10,,
jobs-020,KKOM-DIP-003,Link,BIM Modeller,2541-05,Penyelaras BIM (Pemodelan Maklumat Bangunan),2522-37
jobs-021,KKOM-CET-036,Link,BIM Modeller,2541-05,Penyelaras BIM (Pemodelan Maklumat Bangunan),2522-37
jobs-022,IKBN-CET-021,Link,Boilermaker,,Boilerman (Juru Dandang) Gred K2,8182-08
jobs-023,POLY-DIP-023,Link,Boilerman (Juru Dandang),8182-08,Boilerman (Juru Dandang) Gred K2,8182-08
jobs-024,POLY-DIP-005,Link,Broker Insurans,3321-02,,
jobs-025,POLY-DIP-077,Link,Business Intelligence Analyst,,,
jobs-026,IJTM-CET-037,Link,CAD Modeler,,Jurutera CAD atau CAM (Reka Bentuk dan Pembuatan Berbantu Komputer),2144-49
jobs-027,POLY-DIP-067,Link,Character Designer,,Character Rigger,2543-18
jobs-028,POLY-DIP-008,Link,Chargeman (Penjaga Jentera),,Penjaga Jentera Elektrik,7412-21
jobs-029,POLY-DIP-058,Link,Chef (Commis/Demi),,Chef,3641-04
jobs-030,IKBN-CET-014,Link,Chef (Commis/Demi),,Chef,3641-04
jobs-031,IKBN-CET-016,Link,Chef Konfeksionari,,"Pembuat Roti, Pastri, Pasta, Dan Konfeksi",7512
jobs-032,IKBN-CET-015,Link,Chef Pastri,,"Pembuat Roti, Pastri, Pasta, Dan Konfeksi",7512
jobs-033,KKOM-DIP-010,Link,Chocolatier,,Pembuat Coklat,7512-04
jobs-034,POLY-DIP-007,Link,Clerk of Works,,Pegawai Pengurusan Projek,2425-20
jobs-035,POLY-DIP-073,Link,Cloud Specialist,,Perunding Aplikasi (Cloud),2522-43
jobs-036,IKBN-CET-005,Link,Color Matcher,,Pencetak Tekstil,7322-02
jobs-037,IKBN-CET-017,Link,Colorist Profesional,,Profesional Kesan Visual Dan Animasi,2541
jobs-038,KKOM-DIP-004,Link,Commis Chef,,Chef De Partie,3641-02
jobs-039,POLY-DIP-069,Link,Concept Artist,,Profesional Kesan Visual Dan Animasi,2541
jobs-040,KKOM-DIP-006,Link,Concept Artist,,Profesional Kesan Visual Dan Animasi,2541
jobs-041,POLY-DIP-044,Link,Concierge,4224-14,,
jobs-042,POLY-DIP-054,Link,Content Creator,,Profesional Kandungan Kreatif Dan Digital,254
jobs-043,IKBN-CET-019,Link,Content Creator,,Profesional Kandungan Kreatif Dan Digital,254
jobs-044,POLY-DIP-079,Link,Contract Executive,,Ejen Dan Kontraktor Pekerjaan,3333
jobs-045,POLY-DIP-074,Link,Cybersecurity Analyst,,Juruteknik Keselamatan Sistem & Aplikasi ICT,3513-04
jobs-046,POLY-DIP-077,Link,Data Analyst,,Juruanalisis Data Perniagaan,2524-16
jobs-047,POLY-DIP-077,Link,Data Scientist Junior,,Pembangun Data Visual,2512-31
jobs-048,POLY-DIP-077,Link,Database Administrator,,Pentadbir Pangkalan Data Oracle,2521-22
jobs-049,IKBN-CET-015,Link,Dekorator Kek,,Profesional Pereka Kandungan Kreatif,2543
jobs-050,IKBN-CET-005,Link,Detailer Kereta,,Pencuci Kereta Jalanan,9511-01
jobs-051,IKBN-CET-004,Link,Diagnostik Kenderaan,,Juruteknik Kenderaan Bermotor,3154-06
jobs-052,POLY-CET-001,Link,Draughtsman (Pelukis Pelan),,Pelukis Pelan Dan Juruteknik Ukur,3118
jobs-053,POLY-DIP-076,Link,E-Commerce Specialist,,Profesional Pengiklanan Dan Pemasaran,2431
jobs-054,IJTM-CET-023,Link,Editor Video,,Penerbit Multimedia,2844-03
jobs-055,POLY-DIP-082,Link,Ejen Kargo,,Pegawai Kargo Udara,2174-04
jobs-056,KKOM-CET-019,Link,Ejen Penghantaran,,Ejen Perkhidmatan Perniagaan,333
jobs-057,POLY-DIP-039,Link,Ejen Takaful,,Wakil Insurans,3321
jobs-058,POLY-DIP-051,Link,Eksekutif Halal,2263-31,,
jobs-059,POLY-DIP-071,Link,Eksekutif Halal,2263-31,,
jobs-060,IKBN-DIP-007,Link,Eksekutif Halal,2263-31,,
jobs-061,POLY-DIP-038,Link,Eksekutif Kewangan,,Pengawal Kewangan,2411-20
jobs-062,POLY-DIP-025,Link,Eksekutif Logistik,,Pengurus Logistik,1324-05
jobs-063,POLY-DIP-045,Link,Eksekutif Logistik,,Pengurus Logistik,1324-05
jobs-064,POLY-DIP-004,Link,Eksekutif Operasi Runcit,,Eksekutif Operasi,2425-12
jobs-065,POLY-DIP-037,Link,Eksekutif Pemasaran,2431-20,,
jobs-066,POLY-DIP-041,Link,Eksekutif Pemasaran Digital,,Eksekutif Pemasaran,2431-20
jobs-067,POLY-DIP-042,Link,Eksekutif Pentadbiran,2425-08,,
jobs-068,POLY-DIP-070,Link,Eksekutif R&D Makanan,,Eksekutif Pembangunan Produk,2182-33
jobs-069,POLY-DIP-082,Link,Eksekutif Rantaian Bekalan,,Pengurus Rantaian Bekalan,1214-11
jobs-070,POLY-DIP-005,Link,Eksekutif Tuntutan (Claims),,Pembantu Tuntutan Insurans,4312-14
jobs-071,POLY-DIP-079,Link,Estimator,,"Profesional Perlombongan, Pembuatan, Dan Pembinaan",218
jobs-072,POLY-DIP-004,Link,Event Planner,3332-08,Pegawai Pengurusan Projek,2425-20
jobs-073,POLY-DIP-043,Link,Event Planner,3332-08,Profesional Pengiklanan Dan Pemasaran,2431
jobs-074,IKBN-CET-025,Link,Fabricator Paip,,Pengimpal Fabrikator,7212-10
jobs-075,IJTM-CET-011,Link,Fabricator Struktur O&G,,"Profesional Perlombongan, Pembuatan, Dan Pembinaan",218
jobs-076,POLY-DIP-053,Link,Fashion Buyer,,"Pekerja Kraftangan Tekstil, Barangan Kulit Dan Bahan Yang Berkaitan",7318
jobs-077,KKOM-CET-033,Link,Fitter,7126-09,"Pekerja Pembuat Acuan, Pengimpal Logam Kepingan Dan Struktur, Dan Pekerja Pertukangan Yang Berkaitan",721
jobs-078,IJTM-CET-015,Link,Fitter Kimpalan,,"Pekerja Pembuat Acuan, Pengimpal Logam Kepingan Dan Struktur, Dan Pekerja Pertukangan Yang Berkaitan",721
jobs-079,IJTM-CET-011,Link,Fitter Logam,,Pengeset Dan Pengendali Peralatan Untuk Mesin Kerja Logam,7223
jobs-080,IJTM-CET-021,Link,Fitter Loji,,Operator Loji Pemprosesan Dan Pengemas Logam,812
jobs-081,IKBN-CET-021,Link,Fitter Minyak & Gas,,"Operator, Peralatan Menarik Telaga Minyak dan Gas",8113-05
jobs-082,IKBN-CET-022,Link,Fitter Struktur,,Penyedia Dan Penegak Logam Struktur,7214
jobs-083,POLY-DIP-058,Link,Food Stylist,,Profesional Bersekutu Kulinari,364
jobs-084,IKBN-CET-003,Link,Foreman,7231-08,"Profesional Perlombongan, Pembuatan, Dan Pembinaan",218
jobs-085,IJTM-CET-003,Link,Foreman,7231-08,"Profesional Perlombongan, Pembuatan, Dan Pembinaan",218
jobs-086,IJTM-CET-014,Link,Foreman Lori,7231-08,"Profesional Perlombongan, Pembuatan, Dan Pembinaan",218
jobs-087,POLY-DIP-074,Link,Forensik Digital,,Pakar Forensik Digital,2531-03
jobs-088,IJTM-CET-036,Link,Freelance Designer,,Profesional Kesan Visual Dan Animasi,2541
jobs-089,KKOM-DIP-007,Link,Front Office Assistant,,"Pencuci Dan Pembantu Di Pejabat, Hotel, Dan Pertubuhan Lain",9112
jobs-090,KKOM-CET-012,Link,Front Office Assistant,,"Pencuci Dan Pembantu Di Pejabat, Hotel, Dan Pertubuhan Lain",9112
jobs-091,POLY-DIP-044,Link,Front Office Executive,,Eksekutif Operasi Hotel,2711-02
jobs-092,POLY-DIP-076,Link,Frontend Developer,,Pembangun Web Dan Multimedia,2513
jobs-093,POLY-DIP-072,Link,Full Stack Developer,,Pembangun Web Dan Multimedia,2513
jobs-094,KKOM-DIP-002,Link,Game Artist,,Artis Permainan Digital,2542
jobs-095,KKOM-DIP-006,Link,Game Artist,,Artis Permainan Digital,2542
jobs-096,POLY-DIP-075,Link,Game Designer,,Pengeluar Permainan (Digital),2542-04
jobs-097,POLY-DIP-075,Link,Game Programmer,,Pengaturcara C atau C++,2514-19
jobs-098,POLY-DIP-003,Link,GIS Technician,,Juruteknik Geospatial,3118-24
jobs-099,POLY-DIP-078,Link,Graphic Pre-press Artist,,Pereka Grafik,2543
jobs-100,KKOM-CET-007,Link,Hairstylist,,,
jobs-101,KKOM-DIP-001,Link,Hairstylist Profesional,,,
jobs-102,IJTM-CET-032,Link,Handyman Bangunan,,Pembina Rumah Dan Pekerja Binaan,7111
jobs-103,KKOM-CET-027,Link,Helpdesk Support,,Pembantu Perkhidmatan Komputer Pengguna,3512-10
jobs-104,KKOM-CET-012,Link,Housekeeping Crew,,"Pencuci Dan Pembantu Di Pejabat, Hotel, Dan Pertubuhan Lain",9112
jobs-105,KKOM-DIP-007,Link,Housekeeping Supervisor,,"Penyelia Pencucian Dan Pengemasan Di Pejabat, Hotel Dan Pertubuhan Lain",5151
jobs-106,POLY-DIP-054,Link,Illustrator,,,
jobs-107,KKOM-CET-005,Link,Illustrator,,,
jobs-108,POLY-DIP-069,Link,Illustrator Digital,,Profesional Kandungan Kreatif Dan Digital,254
jobs-109,IKBN-CET-028,Link,Inspektor Kerangka Pesawat,,Inspektor Kebakaran dan Keselamatan,3151-05
jobs-110,IKBN-CET-023,Link,Inspektor Kimpalan (QC),,Inspektor Kualiti,7633-02
jobs-111,IJTM-DIP-010,Link,Inspektor Kualiti,7633-02,,
jobs-112,IKBN-CET-032,Link,Inspektor Scaffolding,,Inspektor Non-Destructive Testing (NDT),3122-22
jobs-113,IKBN-CET-027,Link,Inspektor Struktur Pesawat,,"Pentadbir Rekod Teknikal, Pesawat",2174-07
jobs-114,POLY-DIP-073,Link,IT Support Executive,,Pembantu Perkhidmatan Komputer Pengguna,3512-10
jobs-115,KKOM-CET-006,Link,Junior Animator,,Animator,2542-08
jobs-116,KKOM-DIP-009,Link,Junior App Developer,,Antara Muka Pengguna (UI) atau Gameplay Coders,2514-34
jobs-117,KKOM-CET-025,Link,Juruelektrik (Wireman),,Juruteknik Kejuruteraan Elektrik,3113
jobs-118,IJTM-CET-023,Link,Jurufoto Korporat,,Jurufotografi Gred B31,3631-19
jobs-119,KKOM-CET-011,Link,Jurufoto Produk,,Jurufotografi Gred B25,3631-18
jobs-120,IKBN-CET-019,Link,Jurugambar/Videografer,,Juruvideografi,3521-23
jobs-121,IKBN-CET-022,Link,Jurukimpal (Welder) 3G/4G,,Jurukimpal Arka Tungsten Gas,7212-05
jobs-122,IJTM-CET-015,Link,Jurukimpal (Welder) 3G/6G,,Jurukimpal Arka Tungsten Gas,7212-05
jobs-123,IKBN-CET-023,Link,Jurukimpal TIG/MIG,,Jurukimpal Arka Tungsten Gas,7212-05
jobs-124,IJTM-CET-015,Link,Jurukimpal TIG/MIG,,Jurukimpal Arka Tungsten Gas,7212-05
jobs-125,IJTM-CET-018,Link,Jurukomputer,3511-05,Juruteknik Komputer,3511-05
jobs-126,KKOM-DIP-001,Link,Jurulatih Dandanan,,"Jurulatih, Pengajar dan Pegawai Sukan Lain (Dalaman)",3622-14
jobs-127,IKBN-CET-023,Link,Jurulatih Kimpalan,,Penolong Jurutera Kimpalan,3115-50
jobs-128,IKBN-CET-032,Link,Juruperancah (Scaffolder),,"Pekerja Pembuat Acuan, Pengimpal Logam Kepingan Dan Struktur, Dan Pekerja Pertukangan Yang Berkaitan",721
jobs-129,KKOM-CET-031,Link,Juruteknik Aircond,,Juruteknik Air,3119-38
jobs-130,IKBN-CET-009,Link,Juruteknik Aircond,,Juruteknik Air,3119-38
jobs-131,POLY-DIP-014,Link,Juruteknik Automasi,3115-23,Juruteknik Automasi Robot,3115-23
jobs-132,IKBN-CET-010,Link,Juruteknik Automasi,3115-23,Juruteknik Automasi Robot,3115-23
jobs-133,IJTM-DIP-032,Link,Juruteknik Automasi,3115-23,Juruteknik Automasi Robot,3115-23
jobs-134,IJTM-CET-010,Link,Juruteknik Automasi,3115-23,Juruteknik Automasi Robot,3115-23
jobs-135,IJTM-CET-019,Link,Juruteknik Automasi,3115-23,Juruteknik Automasi Robot,3115-23
jobs-136,IJTM-CET-001,Link,Juruteknik Automasi Industri,,Juruteknik Industri Dan Pengeluaran,3119
jobs-137,IJTM-CET-004,Link,Juruteknik Automotif,,Juruteknik Automotif Sistem Brek,3154-04
jobs-138,IKBN-CET-004,Link,Juruteknik Automotif Moden,,Juruteknik Kejuruteraan Automotif,3154-09
jobs-139,IKBN-DIP-002,Link,Juruteknik Bangunan,,Juruteknik Penyelenggara Kebakaran,3112-39
jobs-140,IKBN-CET-007,Link,Juruteknik Bangunan,,Juruteknik Perobohan Bangunan,3112-29
jobs-141,KKOM-DIP-014,Link,Juruteknik Bas/Lori,,Juruteknik Kapal/ Marin,3152
jobs-142,IJTM-CET-029,Link,Juruteknik Bengkel,,Juruteknik Bingkai Badan Kenderaan,3154-05
jobs-143,POLY-DIP-017,Link,Juruteknik Bioperubatan (Biomedical),,Juruteknik Sains Perubatan,3212-11
jobs-144,KKOM-DIP-012,Link,Juruteknik Bunyi (Sound Man),3521-06,Juruteknik Kesan Bunyi,3521-06
jobs-145,POLY-DIP-030,Link,Juruteknik CAD/CAM,,Juruteknik CAD/CAM (Rekabentuk Dan Pembuatan Berbantu Komputer),3115-38
jobs-146,IJTM-CET-002,Link,Juruteknik CNC,3115-27,Juruteknik CNC (Kawalan Berangka Komputer),3115-27
jobs-147,IJTM-CET-026,Link,Juruteknik CNC,3115-27,Juruteknik CNC (Kawalan Berangka Komputer),3115-27
jobs-148,IJTM-DIP-022,Link,Juruteknik CNC (Machinist),7233-15,Jurumesin CNC (Kawalan Berangka Komputer),7233-15
jobs-149,IJTM-DIP-035,Link,Juruteknik CNC (Machinist),7233-15,Jurumesin CNC (Kawalan Berangka Komputer),7233-15
jobs-150,POLY-DIP-021,Link,Juruteknik Diagnostik,,Juruteknik Mekatronik,3115-24
jobs-151,KKOM-CET-032,Link,Juruteknik Diesel,,Juruteknik Kenderaan Bermotor,3154-06
jobs-152,POLY-DIP-008,Link,Juruteknik Elektrik,,Juruteknik Kejuruteraan Elektrik,3113-01
jobs-153,IJTM-CET-009,Link,Juruteknik Elektrik Industri,,Juruteknik Industri Dan Pengeluaran,3119
jobs-154,POLY-DIP-064,Link,Juruteknik Elektrik Marin,,Juruteknik Enjin Marin,3152-05
jobs-155,IKBN-CET-024,Link,Juruteknik Elektromekanikal,3115-24,Juruteknik Mekatronik,3115-24
jobs-156,IJTM-DIP-032,Link,Juruteknik Elektronik Kanan,,Juruteknik Reka Bentuk Elektronik,3114-04
jobs-157,IKBN-CET-020,Link,Juruteknik Enjin Bot,,Juruteknik Enjin Marin,3152-05
jobs-158,POLY-DIP-034,Link,Juruteknik Enjin Marin,3152-05,,
jobs-159,IKBN-CET-021,Link,Juruteknik Fabrikasi Logam,,Juruteknik Pembuatan Logam,3115-29
jobs-160,POLY-DIP-013,Link,Juruteknik Fiber Optik,3115-56,Juruteknik Kejuruteraan Optik,3115-56
jobs-161,KKOM-DIP-013,Link,Juruteknik Fiber Optik,3115-56,Juruteknik Kejuruteraan Optik,3115-56
jobs-162,KKOM-CET-037,Link,Juruteknik Fiber Optik,3115-56,Juruteknik Kejuruteraan Optik,3115-56
jobs-163,IJTM-CET-038,Link,Juruteknik Fiber Optik,3115-56,Juruteknik Kejuruteraan Optik,3115-56
jobs-164,IKBN-CET-002,Link,Juruteknik Fleet,,Juruteknik Kerangka Pesawat Udara,3151-09
jobs-165,IJTM-CET-014,Link,Juruteknik Fleet Logistik,0131-59,Juruteknik Logistik,0131-59
jobs-166,IJTM-CET-018,Link,Juruteknik Helpdesk,3511-05,Juruteknik Komputer,3511-05
jobs-167,KKOM-CET-033,Link,Juruteknik Hidraulik,3115-21,Juruteknik Hos Hidraulik,3115-21
jobs-168,IKBN-CET-001,Link,Juruteknik Hidraulik,3115-21,Juruteknik Hos Hidraulik,3115-21
jobs-169,POLY-DIP-026,Link,Juruteknik HVAC,,Juruteknik Air,3119-38
jobs-170,IJTM-CET-031,Link,Juruteknik HVAC Komersial,,Juruteknik Kualiti Air,3119-49
jobs-171,KKOM-CET-026,Link,Juruteknik Industri,,Juruteknik Industri Dan Pengeluaran,3119
jobs-172,IJTM-CET-028,Link,Juruteknik Injection Moulding,,Juruteknik Foundri,3117-21
jobs-173,IJTM-CET-013,Link,Juruteknik Instrumen (Instrumentation Tech),,Juruteknik Instrumen Perindustrian,3112-01
jobs-174,POLY-DIP-010,Link,Juruteknik Instrumentasi,3112-01,Juruteknik Instrumen Perindustrian,3112-01
jobs-175,POLY-DIP-014,Link,Juruteknik Instrumentasi,3112-01,Juruteknik Instrumen Perindustrian,3112-01
jobs-176,KKOM-DIP-005,Link,Juruteknik Instrumentasi,3112-01,Juruteknik Instrumen Perindustrian,3112-01
jobs-177,POLY-DIP-027,Link,Juruteknik Jentera Ladang,,Juruteknik Industri Dan Pengeluaran,3119
jobs-178,IJTM-DIP-010,Link,Juruteknik Kalibrasi,3115-51,,
jobs-179,IJTM-CET-013,Link,Juruteknik Kalibrasi,3115-51,,
jobs-180,POLY-DIP-022,Link,Juruteknik Kawalan Kualiti (QA/QC),,Juruteknik Kawalan Kualiti,3119-19
jobs-181,POLY-DIP-012,Link,Juruteknik Kenderaan Elektrik (EV),,Juruteknik Elektrik Kenderaan,3113-11
jobs-182,POLY-CET-003,Link,Juruteknik Kilang,,Juruteknik Industri Dan Pengeluaran,3119
jobs-183,IKBN-CET-008,Link,Juruteknik Kilang,,Juruteknik Industri Dan Pengeluaran,3119
jobs-184,POLY-DIP-065,Link,Juruteknik Kimpalan Marin,,Juruteknik Kapal/ Marin,3152
jobs-185,POLY-DIP-033,Link,Juruteknik Komponen Pesawat,3151,Juruteknik Pesawat Udara,3151
jobs-186,IKBN-CET-027,Link,Juruteknik Komposit Pesawat,3151,Juruteknik Pesawat Udara,3151
jobs-187,POLY-DIP-015,Link,Juruteknik Komputer,3511-05,,
jobs-188,KKOM-CET-027,Link,Juruteknik Komputer,3511-05,,
jobs-189,IJTM-DIP-034,Link,Juruteknik Komputer,3511-05,,
jobs-190,IJTM-CET-016,Link,Juruteknik Komputer,3511-05,,
jobs-191,KKOM-DIP-011,Link,Juruteknik Komunikasi Tren,,Juruteknik Komunikasi,3522-03
jobs-192,POLY-DIP-025,Link,Juruteknik Kualiti,,Juruteknik Kawalan Kualiti,3119-19
jobs-193,POLY-DIP-006,Link,Juruteknik Kualiti Air,3119-49,,
jobs-194,KKOM-DIP-012,Link,Juruteknik Lampu,,Juruteknik Galeri,3633-04
jobs-195,POLY-DIP-022,Link,Juruteknik Logam/Plastik,,Juruteknik Kaji Logam,3117-01
jobs-196,IJTM-CET-021,Link,Juruteknik Loji (Plant Technician),,Juruteknik Loji Kuasa (Pesawat),3151-13
jobs-197,POLY-DIP-002,Link,Juruteknik Makmal (Lab Tech),3111,Juruteknik Sains Kimia Dan Fizik,3111
jobs-198,POLY-DIP-066,Link,Juruteknik Makmal Kimia,3111-06,Juruteknik Kimia,3111-06
jobs-199,POLY-DIP-019,Link,Juruteknik Mekanikal,3115,Juruteknik Kejuruteraan Mekanikal,3115
jobs-200,POLY-DIP-028,Link,Juruteknik Mekanikal O&G,,Juruteknik Operasi,3112-26
jobs-201,IJTM-CET-022,Link,Juruteknik Mekanikal O&G,,Juruteknik Operasi,3112-26
jobs-202,IKBN-CET-024,Link,Juruteknik Mekatronik,3115-24,,
jobs-203,IJTM-DIP-033,Link,Juruteknik Mekatronik,3115-24,,
jobs-204,IJTM-CET-025,Link,Juruteknik Mesin (Machinist),3115-25,Juruteknik Mesin,3115-25
jobs-205,POLY-DIP-029,Link,Juruteknik Mesin Suntikan,3115-25,Juruteknik Mesin,3115-25
jobs-206,POLY-DIP-010,Link,Juruteknik O&G,,Juruteknik Pengorek Blok,3117-18
jobs-207,IKBN-CET-025,Link,Juruteknik O&G,,Juruteknik Pengorek Blok,3117-18
jobs-208,IJTM-CET-012,Link,Juruteknik O&G,,Juruteknik Pengorek Blok,3117-18
jobs-209,POLY-DIP-064,Link,Juruteknik Offshore,,Juruteknik Kejuruteraan Petroleum,3116-03
jobs-210,POLY-DIP-023,Link,Juruteknik Operasi Loji,,Juruteknik Industri Dan Pengeluaran,3119
jobs-211,IJTM-CET-024,Link,Juruteknik Paip Gas,,Juruteknik Pengekstrakan Petroleum dan Gas Asli,3117-03
jobs-212,POLY-DIP-009,Link,Juruteknik Pakar,,Juruteknik Industri Dan Pengeluaran,3119
jobs-213,IJTM-DIP-024,Link,Juruteknik Pemasangan (Assembly),,Juruteknik Industri Dan Pengeluaran,3119
jobs-214,IJTM-CET-011,Link,Juruteknik Pembinaan Pelantar,,Juruteknik Kejuruteraan Perlombongan,3117-10
jobs-215,POLY-DIP-024,Link,Juruteknik Pembuatan,3119-53,,
jobs-216,KKOM-CET-029,Link,Juruteknik Pembuatan,3119-53,,
jobs-217,POLY-DIP-061,Link,Juruteknik Penetasan (Hatchery),,Juruteknik Penetasan,3144-01
jobs-218,POLY-DIP-027,Link,Juruteknik Pengairan,,Juruteknik Loji Kuasa (Pesawat),3151-13
jobs-219,POLY-DIP-062,Link,Juruteknik Penggred Kayu,,Juruteknik Tukang Kayu,0321-14
jobs-220,POLY-DIP-008,Link,Juruteknik Penyelenggaraan,3115-55,Juruteknik Industri Dan Pengeluaran,3119
jobs-221,POLY-DIP-035,Link,Juruteknik Penyelenggaraan,3115-55,Juruteknik Industri Dan Pengeluaran,3119
jobs-222,POLY-CET-002,Link,Juruteknik Penyelenggaraan,3115-55,Juruteknik Pembaikan Dan Penyelenggaraan (R&M),3115-55
jobs-223,KKOM-DIP-005,Link,Juruteknik Penyelenggaraan,3115-55,Juruteknik Pembaikan Dan Penyelenggaraan (R&M),3115-55
jobs-224,KKOM-CET-017,Link,Juruteknik Penyelenggaraan,3115-55,Juruteknik Pembaikan Dan Penyelenggaraan (R&M),3115-55
jobs-225,KKOM-CET-025,Link,Juruteknik Penyelenggaraan,3115-55,Juruteknik Pembaikan Dan Penyelenggaraan (R&M),3115-55
jobs-226,KKOM-CET-033,Link,Juruteknik Penyelenggaraan,3115-55,Juruteknik Pembaikan Dan Penyelenggaraan (R&M),3115-55
jobs-227,IKBN-CET-034,Link,Juruteknik Penyelenggaraan,3115-55,Juruteknik Pembaikan Dan Penyelenggaraan (R&M),3115-55
jobs-228,IJTM-CET-033,Link,Juruteknik Penyelenggaraan,3115-55,Juruteknik Pembaikan Dan Penyelenggaraan (R&M),3115-55
jobs-229,IKBN-CET-026,Link,Juruteknik Penyelenggaraan (Maintenance),3115-55,Juruteknik Penyelenggaraan Pesawat (Kerangka Pesawat Udara),3151-05
jobs-230,POLY-DIP-028,Link,Juruteknik Penyelenggaraan Loji,,Juruteknik Loji Kuasa dan Kerangka Pesawat Udara,3151-08
jobs-231,POLY-DIP-032,Link,Juruteknik Penyelenggaraan Mesin,,Juruteknik Penyelenggaraan Pesawat (Kerangka Pesawat Udara),3151-05
jobs-232,POLY-DIP-015,Link,Juruteknik Perisian & Hardware,,Juruteknik Komputer,3511-05
jobs-233,IJTM-CET-006,Link,Juruteknik Perpaipan (Plumber),,Juruteknik Penyelenggara Kebakaran,3112-39
jobs-234,POLY-DIP-001,Link,Juruteknik Pertanian,,Juruteknik Sains Hayat Dan Profesional Bersekutu Yang Berkaitan,314
jobs-235,POLY-DIP-033,Link,Juruteknik Pesawat (Aircraft Technician),3151-02,Juruteknik Pesawat,3151-02
jobs-236,IJTM-DIP-026,Link,Juruteknik Pesawat (Aircraft Technician),3151-02,Juruteknik Pesawat,3151-02
jobs-237,IJTM-CET-034,Link,Juruteknik Polimer,,Juruteknik Semikonduktor,3511-13
jobs-238,POLY-DIP-018,Link,Juruteknik Proses (Process Tech),,Juruteknik Industri Dan Pengeluaran,3119
jobs-239,POLY-DIP-036,Link,Juruteknik Proses (Process Tech),,Juruteknik Industri Dan Pengeluaran,3119
jobs-240,POLY-DIP-013,Link,Juruteknik R&D,,Juruteknik Sains Hayat Dan Profesional Bersekutu Yang Berkaitan,314
jobs-241,POLY-DIP-031,Link,Juruteknik R&D,,Juruteknik Sains Hayat Dan Profesional Bersekutu Yang Berkaitan,314
jobs-242,IJTM-CET-017,Link,Juruteknik Rangkaian (Network Tech),,Juruteknik Rangkaian Dan Sistem Komputer,3513
jobs-243,POLY-DIP-016,Link,Juruteknik Rangkaian (Network),,Juruteknik Rangkaian Dan Sistem Komputer,3513
jobs-244,POLY-DIP-018,Link,Juruteknik Rawatan Air,,Juruteknik Air,3119-38
jobs-245,IJTM-CET-027,Link,Juruteknik Rawatan Haba,,Juruteknik Kawalan Kualiti,3119-19
jobs-246,KKOM-DIP-011,Link,Juruteknik Rel,,Juruteknik Gerakan Rel Stok,3153-08
jobs-247,POLY-DIP-020,Link,Juruteknik Robotik,3115-47,,
jobs-248,POLY-DIP-032,Link,Juruteknik Robotik,3115-47,,
jobs-249,IJTM-DIP-019,Link,Juruteknik Semikonduktor,3511-13,,
jobs-250,KKOM-CET-024,Link,Juruteknik Servis,,Juruteknik Sistem Maklumat,3511-14
jobs-251,IJTM-CET-005,Link,Juruteknik Sivil,,Juruteknik Ukur,3112-14
jobs-252,KKOM-DIP-015,Link,Juruteknik Solar,3131-16,Juruteknik Sel Solar,3131-16
jobs-253,IKBN-CET-028,Link,Juruteknik Struktur Pesawat (Sheet Metal),,Juruteknik Kerangka Pesawat Udara,3151-09
jobs-254,POLY-DIP-070,Link,Juruteknik Teknologi Makanan,,Juruteknik Industri Dan Pengeluaran,3119
jobs-255,KKOM-CET-037,Link,Juruteknik Telco,3522-04,Juruteknik Telekomunikasi,3522-04
jobs-256,KKOM-CET-035,Link,Juruteknik Telefon (Phone Repair),3522-04,Juruteknik Telekomunikasi,3522-04
jobs-257,KKOM-DIP-009,Link,Juruteknik Telefon Bimbit,3522-04,Juruteknik Telekomunikasi,3522-04
jobs-258,KKOM-DIP-013,Link,Juruteknik Telekomunikasi,3522-04,,
jobs-259,POLY-DIP-011,Link,Juruteknik Tenaga Hijau,,,
jobs-260,POLY-DIP-023,Link,Juruteknik Turbin,,,
jobs-261,POLY-DIP-012,Link,Juruteknik Turbin Angin,,,
jobs-262,IKBN-DIP-001,Link,Juruteknik Voltan Tinggi,,Juruteknik Elektrik Voltan Tinggi,3113-14
jobs-263,POLY-CET-002,Link,Juruteknik Wiring (Wireman),,Juruteknik Elektrik Kenderaan,3113-11
jobs-264,POLY-DIP-032,Link,Jurutera Automasi,2141-01,,
jobs-265,IJTM-DIP-033,Link,Jurutera Automasi,2141-01,,
jobs-266,POLY-DIP-016,Link,Jurutera 'Drive Test' (Telco),,Jurutera Elektrik,2151-02
jobs-267,POLY-DIP-017,Link,Jurutera Klinikal,,Juruteknik Makmal Perubatan,3212-13
jobs-268,POLY-DIP-034,Link,Jurutera Laut (Marine Engineer),,"Jurutera Mekanikal, Pesawat",2144-27
jobs-269,IKBN-CET-026,Link,Jurutera Loji,2141-24,,
jobs-270,IKBN-CET-018,Link,Juruterapi Kecantikan (Beautician),,Juruterapi Kecantikan dan Kesihatan,5142-08
jobs-271,KKOM-DIP-016,Link,Juruterapi Spa,5142-09,,
jobs-272,KKOM-CET-038,Link,Juruterapi Spa,5142-09,,
jobs-273,POLY-DIP-079,Link,Juruukur Bahan (Quantity Surveyor),2142-48,Jurutera Reka Bentuk Awam dan Struktur,2142-43
jobs-274,POLY-DIP-059,Link,Juruukur Kapal (Marine Surveyor),,"Jurutera Perlombongan, Ahli Kaji Logam Dan Profesional Yang Berkaitan",2146
jobs-275,POLY-DIP-003,Link,Juruukur Tanah,,Juruteknik Sains Tanah,3142-03
jobs-276,IKBN-CET-013,Link,Kapten Restoran,,Pengurus Restoran,1412-01
jobs-277,KKOM-DIP-004,Link,Katerer,,Kapten Makanan dan Minuman,2712-06
jobs-278,KKOM-CET-014,Link,Kerani Agensi Pelancongan,4221-03,,
jobs-279,KKOM-CET-016,Link,Kerani Akaun,,Kerani Perakaunan Dan Simpan Kira,4311
jobs-280,POLY-DIP-049,Link,Kerani Kewangan,4312-15,,
jobs-281,KKOM-CET-019,Link,Kerani Logistik,4323-01,,
jobs-282,POLY-DIP-026,Link,Kontraktor Aircond,,Kontraktor Pembinaan,1323-20
jobs-283,IKBN-DIP-002,Link,Kontraktor Aircond,,Kontraktor Pembinaan,1323-20
jobs-284,IJTM-CET-031,Link,Kontraktor Aircond,,Kontraktor Pembinaan,1323-20
jobs-285,IKBN-CET-022,Link,Kontraktor Besi,,Kontraktor Pembinaan,1323-20
jobs-286,POLY-DIP-007,Link,Kontraktor Binaan,,Kontraktor Pembinaan,1323-20
jobs-287,KKOM-CET-018,Link,Kontraktor Binaan,,Kontraktor Pembinaan,1323-20
jobs-288,IKBN-DIP-001,Link,Kontraktor Elektrik,,Kontraktor Pembinaan,1323-20
jobs-289,IJTM-CET-009,Link,Kontraktor Elektrik,,Kontraktor Pembinaan,1323-20
jobs-290,IKBN-CET-008,Link,Kontraktor Elektrik Berdaftar,,Kontraktor Pembinaan,1323-20
jobs-291,KKOM-CET-031,Link,Kontraktor HVAC,,Kontraktor Pembinaan,1323-20
jobs-292,IJTM-CET-017,Link,Kontraktor Kabel Fiber,,Kontraktor Pembinaan,1323-20
jobs-293,POLY-CET-001,Link,Kontraktor Kecil,,Kontraktor Pembinaan,1323-20
jobs-294,KKOM-CET-017,Link,Kontraktor Kecil,,Kontraktor Pembinaan,1323-20
jobs-295,IJTM-CET-029,Link,Kontraktor Kejuruteraan,,Pengurus Kejuruteraan Pembinaan,1323-13
jobs-296,POLY-DIP-063,Link,Kontraktor Landskap,,Kontraktor Pembinaan,1323-20
jobs-297,KKOM-CET-010,Link,Kontraktor Landskap,,Kontraktor Pembinaan,1323-20
jobs-298,IKBN-CET-020,Link,Kontraktor Marin,,Kontraktor Pembinaan,1323-20
jobs-299,IJTM-CET-006,Link,Kontraktor Paip & Sanitari,,Kontraktor Pembinaan,1323-20
jobs-300,POLY-DIP-008,Link,Kontraktor Pendawaian,,Kontraktor Pembinaan,1323-20
jobs-301,IKBN-CET-007,Link,Kontraktor Penyelenggaraan,,Kontraktor Pembinaan,1323-20
jobs-302,POLY-DIP-027,Link,Kontraktor Pertanian,,"Pengurus Pengeluaran Pertanian, Perhutanan, Dan Penternakan",1311
jobs-303,IJTM-CET-032,Link,Kontraktor Ubahsuai,,Kontraktor Pembinaan,1323-20
jobs-304,IKBN-CET-034,Link,Kontraktor Wiring Kecil,,Pemasang Talian Tenaga Elektrik,7413-01
jobs-305,KKOM-CET-015,Link,Krew Acara (Event Crew),5169-03,Kru Acara,5169-03
jobs-306,KKOM-CET-002,Link,Krew Bankuet,,Pelayan Bankuet,5131-03
jobs-307,KKOM-CET-014,Link,Krew Lapangan Terbang,,Pengurus Lapangan Terbang,1121-11
jobs-308,KKOM-DIP-012,Link,Krew Pentas,,Pengarah Pentas,2844-06
jobs-309,KKOM-CET-003,Link,Krew Taman Tema,,Atendan Taman Hiburan Rekreasi,9625-07
jobs-310,POLY-DIP-075,Link,Level Designer,,Artis Permainan Digital,2542-24
jobs-311,KKOM-DIP-006,Link,Level Designer,,Artis Permainan Digital,2542-24
jobs-312,KKOM-CET-029,Link,Machinist,,"Operator, Mesin Pengeluaran Kabel",8221-04
jobs-313,IJTM-CET-029,Link,Machinist,,"Operator, Mesin Pengeluaran Kabel",8221-04
jobs-314,KKOM-DIP-016,Link,Make-up Artist (MUA),,Profesional Kandungan Kreatif Dan Digital,254
jobs-315,KKOM-CET-038,Link,Make-up Artist (MUA),,Profesional Kandungan Kreatif Dan Digital,254
jobs-316,KKOM-DIP-008,Link,Mechanical Draughtsman,,Penolong Jurutera CAD/CAM (Rekabentuk Dan Pembuatan Berbantu Komputer),3115-36
jobs-317,KKOM-CET-032,Link,Mekanik 4x4,,Mekanik Dan Pembaik Kenderaan Bermotor,7231
jobs-318,IJTM-CET-004,Link,Mekanik Bertauliah,,Mekanik Dan Pembaik Kenderaan Bermotor,7231
jobs-319,KKOM-DIP-014,Link,Mekanik Diesel,,Mekanik Dan Pembaik Kenderaan Bermotor,7231
jobs-320,IJTM-CET-019,Link,Mekanik Elektromekanikal,,Mekanik Dan Pembaik Kenderaan Bermotor,7231
jobs-321,POLY-DIP-033,Link,Mekanik Enjin Turbin,,Mekanik Dan Pembaik Enjin Pesawat Udara,7232
jobs-322,IKBN-CET-001,Link,Mekanik Jentera Berat,,Mekanik Dan Pembaik Jentera,7233
jobs-323,IJTM-CET-014,Link,Mekanik Kenderaan Perdagangan,,Mekanik Dan Pembaik Kenderaan Bermotor,7231
jobs-324,KKOM-CET-024,Link,Mekanik Kereta,,Mekanik Dan Pembaik Kenderaan Bermotor,7231
jobs-325,IKBN-CET-003,Link,Mekanik Kereta,,Mekanik Dan Pembaik Kenderaan Bermotor,7231
jobs-326,IJTM-CET-003,Link,Mekanik Kereta,,Mekanik Dan Pembaik Kenderaan Bermotor,7231
jobs-327,IJTM-CET-033,Link,Mekanik Loji,,Mekanik Penyelenggaraan Loji,7233-05
jobs-328,IKBN-CET-002,Link,Mekanik Lori & Bas,,Mekanik Dan Pembaik Kenderaan Bermotor,7231
jobs-329,IKBN-CET-020,Link,Mekanik Marin,,Mekanik Enjin Marin,7239-01
jobs-330,IJTM-DIP-026,Link,Mekanik MRO,,Mekanik Dan Pembaik Enjin Pesawat Udara,7232
jobs-331,IKBN-CET-028,Link,Mekanik Pesawat,7232-07,,
jobs-332,KKOM-CET-034,Link,Mekanik Superbike,,Mekanik Motosikal,7231-03
jobs-333,IJTM-CET-027,Link,Metrologist,,,
jobs-334,POLY-DIP-055,Link,Model Maker 3D,,,
jobs-335,POLY-DIP-069,Link,Motion Graphic Designer,,Profesional Kesan Visual Dan Animasi,2541
jobs-336,POLY-DIP-069,Link,Multimedia Artist,,Artis Multimedia,2541-20
jobs-337,IKBN-CET-018,Link,Nail Artist,,,
jobs-338,POLY-DIP-073,Link,Network Engineer,,Jurutera Telekomunikasi,2153
jobs-339,POLY-DIP-019,Link,Operator CNC,,,
jobs-340,POLY-DIP-003,Link,Operator Dron Pemetaan,,,
jobs-341,POLY-DIP-036,Link,Operator Loji,,,
jobs-342,POLY-CET-003,Link,Operator Mesin,8189-01,,
jobs-343,KKOM-CET-029,Link,Operator Mesin CNC,,,
jobs-344,POLY-DIP-081,Link,Operator Mesin CNC Kayu,,"Operator Mesin Penetap, Kerja Kayu",7613-07
jobs-345,IJTM-CET-030,Link,Operator Mesin EDM,,,
jobs-346,IJTM-CET-034,Link,Operator Mesin Injection,,Operator Mesin,8189-01
jobs-347,KKOM-CET-021,Link,Operator Mesin Perabot,,"Operator Mesin, Pengeluaran Perabot",8173-07
jobs-348,IJTM-CET-019,Link,Operator Mesin Robotik,,Operator Mesin Dan Loji Pegun Yang Lain,818
jobs-349,KKOM-CET-030,Link,Operator Pengeluaran Makanan,,Operator Mesin Produk Makanan Dan Yang Berkaitan,8161
jobs-350,IKBN-CET-024,Link,Pakar Automasi,,Juruteknik Automasi Robot,3115-23
jobs-351,IJTM-DIP-017,Link,Pakar Automasi & Robotik,,Pengawal Robot Industri,3122-34
jobs-352,IKBN-CET-005,Link,Pakar 'Body & Paint',,,
jobs-353,IKBN-CET-029,Link,Pakar CAD/CAM,,Juruteknik CAD/CAM (Rekabentuk Dan Pembuatan Berbantu Komputer),3115-38
jobs-354,IKBN-DIP-002,Link,Pakar HVAC,,,
jobs-355,POLY-DIP-020,Link,Pakar Integrasi Sistem,,Jurutera Pereka Sistem (Teknologi Maklumat),2522-35
jobs-356,POLY-DIP-015,Link,Pakar IoT (Internet of Things),,2141-60,Ahli Teknologi Industri 4.0
jobs-357,IKBN-CET-027,Link,Pakar Laminasi (Laminator),,8143-01,"Operator Mesin, Pengeluaran Karton dan Kotak Kertas"
jobs-358,POLY-DIP-013,Link,Pakar Laser Industri,,3122-34,Pengawal Robot Industri
jobs-359,IJTM-DIP-032,Link,Pakar Pembaikan PCB,,741,Pemasang Dan Pembaik Kelengkapan Elektrik
jobs-360,POLY-DIP-078,Link,Pakar Pembungkusan,,2182-18,Pakar Rantaian Bekalan-Perolehan
jobs-361,IJTM-CET-001,Link,Pakar PLC,,3511-35,Penolong Jurutera PLC (Pengawal Logik Boleh Diprogram)
jobs-362,IKBN-CET-010,Link,Pakar PLC & Robotik,,3122-34,Pengawal Robot Industri
jobs-363,IJTM-DIP-033,Link,Pakar Robotik Industri,,3122-34,Pengawal Robot Industri
jobs-364,POLY-DIP-017,Link,Pakar Servis Mesin X-Ray/MRI,,3211-04,Juru X-Ray Perubatan Diagnostik
jobs-365,KKOM-CET-032,Link,Pakar Suspensi,,2531-17,Pakar Keselamatan Siber
jobs-366,IKBN-CET-004,Link,Pakar Teknikal EV & Hibrid,,Juruteknik Elektrik Voltan Tinggi,3113-14
jobs-367,KKOM-DIP-010,Link,Pastry Chef,,"Pembuat Roti, Pastri, Pasta, Dan Konfeksi",7512
jobs-368,POLY-DIP-038,Link,Pegawai Bank,,Eksekutif Pegawai Bank,2412-07
jobs-369,POLY-DIP-039,Link,Pegawai Bank Islam,,Eksekutif Pegawai Bank,2412-07
jobs-370,POLY-DIP-049,Link,Pegawai Cukai,2912-05,,
jobs-371,POLY-DIP-064,Link,Pegawai Elektro-Teknikal (ETO),,Pegawai Elektroteknikal,2152-45
jobs-372,POLY-DIP-042,Link,Pegawai HR,,Profesional Personel Dan Kerjaya,2423
jobs-373,POLY-DIP-045,Link,Pegawai Import/Eksport,,Pengurus Import-Eksport,1421-15
jobs-374,POLY-DIP-052,Link,Pegawai Import/Eksport,,Pengurus Import-Eksport,1421-15
jobs-375,POLY-DIP-051,Link,Pegawai Jaminan Kualiti (QA),,Jurutera Pemeriksa Jaminan Kualiti atau Kawalan Kualiti (QA atau QC),2149-21
jobs-376,POLY-DIP-034,Link,Pegawai Kapal,,Pegawai Dan Pilot Dek Kapal,2172
jobs-377,POLY-DIP-062,Link,Pegawai Kawalan Kualiti,,Penyelia Kawalan Kualiti,3122-15
jobs-378,POLY-DIP-018,Link,Pegawai Kawalan Kualiti (QA),,Jurutera Pemeriksa Jaminan Kualiti atau Kawalan Kualiti (QA atau QC),2149-21
jobs-379,POLY-DIP-070,Link,Pegawai Kawalan Kualiti (QA),,Jurutera Pemeriksa Jaminan Kualiti atau Kawalan Kualiti (QA atau QC),2149-21
jobs-380,POLY-DIP-071,Link,Pegawai Kawalan Kualiti (QA),,Jurutera Pemeriksa Jaminan Kualiti atau Kawalan Kualiti (QA atau QC),2149-21
jobs-381,IJTM-DIP-010,Link,Pegawai Kawalan Kualiti (QA/QC),,Jurutera Pemeriksa Jaminan Kualiti atau Kawalan Kualiti (QA atau QC),2149-21
jobs-382,IKBN-DIP-007,Link,Pegawai Kawalan Kualiti (QC),,Pengurus Kawalan Kualiti,1216-01
jobs-383,IJTM-DIP-024,Link,Pegawai Kawalan Kualiti Kereta,,Pengurus Kawalan Kualiti,1216-01
jobs-384,POLY-DIP-011,Link,Pegawai Kelestarian (Sustainability),,Pegawai Kecekapan Perniagaan,2431-04
jobs-385,POLY-DIP-006,Link,Pegawai Keselamatan & Kesihatan (SHO),,Pegawai Keselamatan Personel,2423-01
jobs-386,POLY-DIP-074,Link,Pegawai Keselamatan IT,,Pegawai Keselamatan Maklumat,2531-20
jobs-387,IKBN-CET-012,Link,Pegawai Khidmat Pelanggan,2432-13,,
jobs-388,POLY-DIP-082,Link,Pegawai Logistik,,Penyelia Logistik,3159-02
jobs-389,POLY-DIP-046,Link,Pegawai Pelancongan,2432-12,,
jobs-390,POLY-DIP-048,Link,Pegawai Perhubungan Tetamu (GRO),,Pegawai Perhubungan Awam,2432-02
jobs-391,POLY-DIP-056,Link,Pegawai Tadbir,,Pegawai Tadbir Gred N41,2425-01
jobs-392,POLY-DIP-039,Link,Pegawai Zakat/Baitulmal,,Pegawai Kewangan,2412-15
jobs-393,POLY-DIP-007,Link,Pelukis Pelan (Draughtsman),,Pelukis Pelan,3118-03
jobs-394,KKOM-DIP-003,Link,Pelukis Pelan (Draughtsman),,Pelukis Pelan,3118-03
jobs-395,KKOM-CET-036,Link,Pelukis Pelan (Draughtsman),,Pelukis Pelan,3118-03
jobs-396,IKBN-CET-006,Link,Pelukis Pelan (Draughtsman),,Pelukis Pelan,3118-03
jobs-397,POLY-DIP-057,Link,Pelukis Pelan 3D,,Pemodel 3D,2541-05
jobs-398,IKBN-DIP-006,Link,Pelukis Pelan 3D,,Pemodel 3D,2541-05
jobs-399,POLY-DIP-050,Link,Pelukis Pelan Bandar,,Pelukis Pelan Dan Juruteknik Ukur,3118
jobs-400,KKOM-CET-020,Link,Pelukis Pelan ID,,Pelukis Pelan Dan Juruteknik Ukur,3118
jobs-401,IJTM-CET-007,Link,Pelukis Pelan Mekanikal (Draughtsman),,Pelukis Pelan Dan Juruteknik Ukur,3118
jobs-402,IJTM-CET-020,Link,Pelukis Pelan Paip (Piping Drafter),,Pelukis Pelan Dan Juruteknik Ukur,3118
jobs-403,IJTM-CET-008,Link,Pelukis Pelan Senibina,,Pelukis Pelan (Seni Bina) Gred JA19,3118
jobs-404,POLY-DIP-046,Link,Pemandu Pelancong,5113-01,,
jobs-405,POLY-DIP-040,Link,Pemandu Pelancong (Nature Guide),,Pemandu Pelancong,5113-01
jobs-406,KKOM-CET-014,Link,Pemandu Pelancong (Tour Guide),,Pemandu Pelancong,5113-01
jobs-407,IKBN-CET-009,Link,Pemasang HVAC,,,
jobs-408,KKOM-DIP-015,Link,Pemasang Solar (PV Installer),,Pemasang Penyelenggaraan dan Pemasangan Photovoltaic Solar,7413-09
jobs-409,POLY-DIP-012,Link,Pemasang Solar (Solar Installer),,Pemasang Penyelenggaraan dan Pemasangan Photovoltaic Solar,7413-09
jobs-410,IJTM-CET-023,Link,Pembangun Kandungan Digital,,Profesional Kandungan Kreatif Dan Digital,254
jobs-411,POLY-DIP-060,Link,Pembangun Pangkalan Data,,Pereka Dan Pentadbir Pangkalan Data,2521
jobs-412,POLY-DIP-049,Link,Pembantu Akauntan,,Pembantu Akauntan Gred W19,4311-25
jobs-413,IJTM-CET-008,Link,Pembantu Arkitek,,Penolong Arkitek,3118-34
jobs-414,KKOM-CET-001,Link,Pembantu Dapur (Commis),,,
jobs-415,KKOM-CET-009,Link,Pembantu Dapur (Commis),,,
jobs-416,KKOM-CET-016,Link,Pembantu Jualan,5223-01,,
jobs-417,KKOM-CET-003,Link,Pembantu Jurupandu Arah,,,
jobs-418,POLY-DIP-036,Link,Pembantu Jurutera,,,
jobs-419,POLY-CET-003,Link,Pembantu Jurutera,,,
jobs-420,KKOM-DIP-008,Link,Pembantu Jurutera,,,
jobs-421,IJTM-CET-005,Link,Pembantu Jurutera,,Pembantu Juruteknik Sisa Pepejal,3119-37
jobs-422,POLY-DIP-023,Link,Pembantu Jurutera Kuasa,,Juruteknik Loji Kuasa (Pesawat),3151-13
jobs-423,IJTM-CET-020,Link,Pembantu Jurutera O&G,,"Jurutera Perlombongan, Ahli Kaji Logam Dan Profesional Yang Berkaitan",2146
jobs-424,IJTM-DIP-019,Link,Pembantu Jurutera R&D Cip,,Jurutera Rekabentuk Produk Pembangunan dan Penyelidikan Perlombongan,2146-43
jobs-425,KKOM-CET-004,Link,Pembantu Ladang,,Pengurus Ladang,1311-03
jobs-426,KKOM-CET-013,Link,Pembantu Pastri,,,
jobs-427,KKOM-CET-023,Link,Pembantu Penetasan,3144-04,,
jobs-428,POLY-DIP-002,Link,Pembantu Penyelidik,,Pembantu Penyelidik (Sains),3141-12
jobs-429,POLY-DIP-022,Link,Pembantu Penyelidik Bahan,,Pembantu Makmal Penyelidikan Pembiakbakaan Buatan,3141-08
jobs-430,KKOM-CET-008,Link,Pembantu Pereka,,Pereka Bentuk Dan Juruhias Dalaman,3632
jobs-431,KKOM-CET-020,Link,Pembantu Pereka Dalaman,,Pereka Bentuk Dan Juruhias Dalaman,3632
jobs-432,IJTM-CET-037,Link,Pembantu Pereka R&D,,Pereka Profesional Teknologi Hijau,2163-26
jobs-433,KKOM-CET-030,Link,Pembantu QC,,,
jobs-434,POLY-DIP-057,Link,Pembantu Teknik Seni Bina,,Juruteknik Seni dan Reka Bentuk,3514-05
jobs-435,POLY-CET-002,Link,Pembantu Teknikal,,Pembantu Teknologi Maklumat,3511-15
jobs-436,IJTM-CET-007,Link,Pembantu Teknikal CAD,,Penolong Jurutera CAD/CAM (Rekabentuk Dan Pembuatan Berbantu Komputer),3115-36
jobs-437,KKOM-DIP-003,Link,Pembantu Teknikal Seni Bina,,Juruteknik Seni dan Reka Bentuk,3514-05
jobs-438,IKBN-CET-006,Link,Pembantu Teknikal Senibina,,Pembantu Teknik Ukur,3112-06
jobs-439,POLY-DIP-047,Link,Pembeli Runcit (Buyer),,"Pengurus Pengeluaran dan Operasi, Perdagangan Runcit (Pasar Raya)",1421-14
jobs-440,IJTM-CET-027,Link,Pembuat Acuan,7211-01,,
jobs-441,IJTM-DIP-022,Link,Pembuat Acuan (Die Maker),,Pembuat Acuan,7211-01
jobs-442,IJTM-CET-002,Link,Pembuat Acuan (Tool & Die Maker),,"Pekerja Pembuat Acuan, Pengimpal Logam Kepingan Dan Struktur, Dan Pekerja Pertukangan Yang Berkaitan",721
jobs-443,IJTM-CET-026,Link,Pembuat Acuan (Tool & Die Maker),,Pembuat Acuan,7211-01
jobs-444,IJTM-DIP-035,Link,Pembuat Acuan (Tool & Die),,Pembuat Acuan,7211-01
jobs-445,KKOM-CET-022,Link,Pembuat Cenderamata,,Pembuat Bunga Tiruan,7621-12
jobs-446,IJTM-CET-025,Link,Pembuat Komponen Logam,,Pembuat Acuan Logam,7211-04
jobs-447,IKBN-CET-029,Link,Pembuat Model (Model Maker),,Pembuat Model Kayu,7612-06
jobs-448,KKOM-CET-021,Link,Pembuat Perabot,,Pembuat Perabot Lembut,7624-05
jobs-449,IKBN-DIP-003,Link,Pembuat Pola,,Pembuat-Pola Dan Pemotong Pakaian Dan Bahan Lain Yang Berkaitan,7622
jobs-450,IKBN-CET-011,Link,Pembuat Pola Wanita,,Pembuat-Pola Dan Pemotong Pakaian Dan Bahan Lain Yang Berkaitan,7622
jobs-451,IKBN-CET-015,Link,Pembuat Roti (Baker),,"Pembuat Roti, Pastri, Pasta, Dan Konfeksi",7512
jobs-452,IKBN-CET-016,Link,Pembuat Roti (Baker),,"Pembuat Roti, Pastri, Pasta, Dan Konfeksi",7512
jobs-453,IKBN-CET-003,Link,Penasihat Servis,,Atendan Pam Dan Pusat Servis,5245
jobs-454,IJTM-CET-003,Link,Penasihat Servis,,Atendan Pam Dan Pusat Servis,5245
jobs-455,POLY-DIP-021,Link,Penasihat Servis (Service Advisor),,Atendan Pam Dan Pusat Servis,5245
jobs-456,IKBN-CET-017,Link,Pendandan Rambut (Hairstylist),,"Pendandan Rambut, Jurusolek Dan Pekerja Yang Berkaitan",514
jobs-457,KKOM-CET-026,Link,Pendawai Elektrik (PW2/PW4),,Pendawai Elektrik,7412-25
jobs-458,IKBN-CET-034,Link,Pendawai Elektrik (Wireman PW2),,Pendawai Elektrik,7412-25
jobs-459,IKBN-CET-008,Link,Pendawai Elektrik (Wireman PW4),,Pendawai Elektrik,7412-25
jobs-460,IJTM-CET-009,Link,Pendawai Elektrik Kompeten (PW4),,Pendawai Elektrik,7412-25
jobs-461,POLY-DIP-068,Link,Penerbit Kandungan (Content Creator),,Profesional Kandungan Kreatif Dan Digital,254
jobs-462,POLY-DIP-074,Link,Penetration Tester (Ethical Hacker),,Profesional Keselamatan Teknologi Maklumat,253
jobs-463,POLY-DIP-080,Link,Pengajar Seni Kraf,,Guru Seni Persembahan,2353
jobs-464,POLY-DIP-052,Link,Penganalisis Pasaran Global,,Penyelidik Pasaran-Penganalisis Perniagaan (Organisasi),2421-07
jobs-465,POLY-DIP-038,Link,Penganalisis Pelaburan,,Penganalisis Kewangan,3311-10
jobs-466,POLY-DIP-060,Link,Penganalisis Perniagaan,,Pakar Proses Perniagaan,2543-22
jobs-467,POLY-DIP-060,Link,Penganalisis Sistem (System Analyst),,Jurutera Pereka Sistem (Teknologi Maklumat),2522-35
jobs-468,POLY-DIP-040,Link,Pengurus Acara (Event),1222-15,Penganjur Persidangan dan Acara,3332-05
jobs-469,POLY-DIP-004,Link,Pengurus Cawangan (Store Manager),,Pegawai Kecekapan Perniagaan,2431-04
jobs-470,POLY-DIP-001,Link,Pengurus Estet,,Pengurus Hotel Dan Restoran,141
jobs-471,POLY-DIP-037,Link,Pengurus Francais,,Pengurus Hotel Dan Rumah Penginapan,1411
jobs-472,POLY-DIP-045,Link,Pengurus Gudang,1324-04,,
jobs-473,POLY-DIP-041,Link,Pengurus Jenama (Brand Manager),,Pengurus Jenama,1221-08
jobs-474,POLY-DIP-058,Link,Pengurus Katering,1412-06,,
jobs-475,POLY-DIP-047,Link,Pengurus Kedai (Store Manager),,Pekerja Jualan,52
jobs-476,POLY-DIP-061,Link,Pengurus Ladang Akuakultur,,Pengurus Pengeluaran Akuakultur Dan Perikanan,1312
jobs-477,POLY-DIP-052,Link,Pengurus Logistik,1324-05,,
jobs-478,POLY-DIP-042,Link,Pengurus Operasi,,Pengurus Operasi Rangkaian,1511-30
jobs-479,POLY-DIP-063,Link,Pengurus Padang Golf,,"Pengurus Padang, Rumput",1311-14
jobs-480,POLY-DIP-056,Link,Pengurus Pejabat,,Pengurus Khidmat Pelanggan,1222-06
jobs-481,POLY-DIP-043,Link,Pengurus Pentas,1624-08,,
jobs-482,POLY-DIP-021,Link,Pengurus Pusat Servis,,Pengurus Perkhidmatan Perniagaan Dan Pentadbiran,121
jobs-483,POLY-DIP-044,Link,Pengurus Restoran,1412,,
jobs-484,IKBN-CET-017,Link,Pengurus Salon,,Pengurus Restoran,1412-01
jobs-485,KKOM-DIP-016,Link,Pengurus Spa,,Pengurus Hotel Dan Restoran,141
jobs-486,IKBN-CET-018,Link,Pengurus Spa,,Pengurus Hotel Dan Restoran,141
jobs-487,POLY-DIP-048,Link,Pengurus Spa & Rekreasi,,Pengurus Rekreasi,1621-02
jobs-488,IKBN-CET-003,Link,Pengusaha Bengkel,,Pekerja Bengkel,7231-07
jobs-489,IKBN-CET-011,Link,Pengusaha Kedai Jahit,,"Tukang Jahit, Penjahit Pakaian, Penjahit Pakaian Bulu, Dan Pembuat Topi",7621
jobs-490,POLY-DIP-005,Link,Penilai Risiko (Underwriter),,Pegawai Pengurusan Risiko,2413-11
jobs-491,IKBN-DIP-001,Link,Penjaga Jentera (Chargeman),,Penjaga Jentera Elektrik,7412-21
jobs-492,POLY-DIP-049,Link,Penolong Juruaudit,,Penolong Juruaudit Gred W29,3313-05
jobs-493,POLY-DIP-009,Link,Penolong Jurutera,3112-23,,
jobs-494,POLY-DIP-035,Link,Penolong Jurutera Bangunan,,Penolong Juruukur Bangunan Gred J29,3112-37
jobs-495,POLY-DIP-011,Link,Penolong Jurutera Elektrik,3113-16,,
jobs-496,POLY-DIP-010,Link,Penolong Jurutera Kawalan,,Juruteknik Kawalan Kualiti,3119-19
jobs-497,IJTM-DIP-017,Link,Penolong Jurutera Mekatronik,3115-37,,
jobs-498,POLY-DIP-013,Link,Penolong Jurutera Pembuatan,,Jurutera Pembuatan,2141-63
jobs-499,POLY-DIP-006,Link,Penolong Pegawai Alam Sekitar,,Penasihat Alam Sekitar,2133-20
jobs-500,POLY-DIP-050,Link,Penolong Pegawai Landskap,,Penolong Arkitek Landskap Gred JA29,3118-28
jobs-501,POLY-DIP-066,Link,Penolong Pegawai Penyelidik,,Penolong Pegawai Eksekutif Pengauditan,3313-13
jobs-502,POLY-DIP-050,Link,Penolong Pegawai Perancang Bandar,,Penolong Pegawai Perancang Bandar dan Desa Gred JA29,3118-32
jobs-503,POLY-DIP-061,Link,Penolong Pegawai Perikanan,,Penolong Pegawai Perikanan Gred G29,3144-07
jobs-504,POLY-DIP-003,Link,Penolong Pegawai Tanah,,Penolong Pegawai Tanah (Semenanjung) NT29,3118-29
jobs-505,POLY-DIP-068,Link,Penolong Pengarah,,Penolong Pengurus Gred P3,1121-31
jobs-506,IJTM-DIP-034,Link,Pentadbir Rangkaian (Network Admin),,Pentadbir Sistem Teknologi Maklumat,2522
jobs-507,KKOM-CET-027,Link,Pentadbir Rangkaian Junior,,Pentadbir Pangkalan Data,2521-03
jobs-508,IJTM-CET-017,Link,Pentadbir Sistem,,Pentadbir Sistem Teknologi Maklumat,2522
jobs-509,KKOM-CET-023,Link,Penternak Ikan,,Penternak Perikanan,6221-02
jobs-510,IKBN-CET-012,Link,Penyambut Tetamu (Front Office),,Penyambut Tetamu Hotel,4224-10
jobs-511,POLY-DIP-056,Link,Penyelaras Acara,3332-08,Perancang Acara,3332-08
jobs-512,KKOM-DIP-003,Link,Penyelaras BIM,,Penyelaras BIM (Pemodelan Maklumat Bangunan),2522-37
jobs-513,POLY-DIP-043,Link,Penyelaras Konsert/Ekspo,,Pengurus Kreatif Multimedia,1511-28
jobs-514,KKOM-CET-015,Link,Penyelaras Majlis,,Pengurus Majlis,1222-15
jobs-515,POLY-DIP-057,Link,Penyelaras Projek,,Pengurus Projek,1214-14
jobs-516,IKBN-CET-024,Link,Penyelenggara Robotik,,Pengaturcara Robotik,2144-63
jobs-517,IJTM-CET-001,Link,Penyelenggara Robotik,,Pengaturcara Robotik,2144-63
jobs-518,POLY-DIP-048,Link,Penyelia Acara Resort,1411-15,Pengurus Acara Hotel,1411-15
jobs-519,POLY-DIP-046,Link,Penyelia Agensi Pelancongan,,Pengurus Agensi Pelancongan,1621-03
jobs-520,IKBN-CET-013,Link,Penyelia Bankuet,,Penyelia Bankuet Hotel dan Penginapan,5151-01
jobs-521,POLY-DIP-021,Link,Penyelia Bengkel,,"Penyelia, Pembinaan Bangunan",3123-11
jobs-522,IJTM-CET-004,Link,Penyelia Bengkel,,"Penyelia, Pembinaan Bangunan",3123-11
jobs-523,IJTM-CET-025,Link,Penyelia Bengkel,,"Penyelia, Pembinaan Bangunan",3123-11
jobs-524,KKOM-DIP-014,Link,Penyelia Bengkel Kenderaan Berat,,Penyelia Pengangkutan Jalan,3159-01
jobs-525,IKBN-CET-002,Link,Penyelia Bengkel Logistik,,Penyelia Logistik,3159-02
jobs-526,IJTM-CET-020,Link,Penyelia Dokumen Teknikal,,Penyelia Teknikal,3122-21
jobs-527,KKOM-CET-026,Link,Penyelia Elektrik,3113-06,,
jobs-528,IKBN-CET-010,Link,Penyelia Elektronik Kilang,,Penyelia Elektrik Dan Peralatan,3113-07
jobs-529,IJTM-CET-010,Link,Penyelia Elektronik Kilang,,Penyelia Elektrik Dan Peralatan,3113-07
jobs-530,KKOM-DIP-004,Link,Penyelia F&B,,Penyelia Restoran,5131-06
jobs-531,IKBN-CET-023,Link,Penyelia Fabrikasi,,Penyelia Teknikal,3122-21
jobs-532,IJTM-CET-012,Link,Penyelia Fabrikasi,,"Penyelia, Perlombongan, Pembuatan, Dan Pembinaan","Penyelia, Perlombongan, Pembuatan, Dan Pembinaan (312)"
jobs-533,IJTM-CET-032,Link,Penyelia Fasiliti,,"Penyelia, Operasi Bangunan","Penyelia, Operasi Bangunan (3123-12)"
jobs-534,POLY-DIP-035,Link,Penyelia Fasiliti (Facility Manager),,"Penyelia, Operasi Bangunan","Penyelia, Operasi Bangunan (3123-12)"
jobs-535,IKBN-CET-007,Link,Penyelia Fasiliti (Facility Manager),,"Penyelia, Operasi Bangunan","Penyelia, Operasi Bangunan (3123-12)"
jobs-536,POLY-DIP-082,Link,Penyelia Gudang,,"Penyelia Gudang, Operasi Logistik Halal","Penyelia Gudang, Operasi Logistik Halal (3122-29)"
jobs-537,KKOM-CET-019,Link,Penyelia Gudang,,"Penyelia Gudang, Operasi Logistik Halal","Penyelia Gudang, Operasi Logistik Halal (3122-29)"
jobs-538,POLY-DIP-033,Link,Penyelia Hangar,,"Penyelia Perancangan Dok, Pesawat","Penyelia Perancangan Dok, Pesawat (3151-18)"
jobs-539,IJTM-DIP-026,Link,Penyelia Hangar,,"Penyelia Perancangan Dok, Pesawat","Penyelia Perancangan Dok, Pesawat (3151-18)"
jobs-540,POLY-DIP-044,Link,Penyelia Hotel,,Penyelia Tingkat Hotel dan Penginapan,Penyelia Tingkat Hotel dan Penginapan (5151-02)
jobs-541,KKOM-DIP-007,Link,Penyelia Hotel,,Penyelia Tingkat Hotel dan Penginapan,Penyelia Tingkat Hotel dan Penginapan (5151-02)
jobs-542,KKOM-DIP-011,Link,Penyelia Isyarat Tren,,Penyelia Pengangkutan Jalan,3159-01
jobs-543,IJTM-DIP-034,Link,Penyelia IT,,Penyelia Sistem Maklumat Pengurusan,3511-24
jobs-544,IJTM-CET-017,Link,Penyelia IT,,Penyelia Sistem Maklumat Pengurusan,3511-24
jobs-545,POLY-DIP-047,Link,Penyelia Jabatan,,Penyelia Sistem Maklumat Pengurusan,3511-24
jobs-546,POLY-DIP-036,Link,Penyelia Kawalan Bilik (Control Room),,Penyelia Kawalan Kualiti,3122-15
jobs-547,IJTM-DIP-032,Link,Penyelia Kawalan Kualiti,3122-15,,
jobs-548,IKBN-CET-032,Link,Penyelia Keselamatan Tapak,,Orang Yang Kompeten (OYK) - Penyelia Keselamatan Tapak Bina,3123-06
jobs-549,KKOM-DIP-005,Link,Penyelia Kilang,,Penyelia Barangan Siap,3122-06
jobs-550,POLY-DIP-009,Link,Penyelia Kilang (Automation),,Penyelia CNC (Kawalan Berangka Komputer),3115-33
jobs-551,POLY-DIP-062,Link,Penyelia Kilang Kayu,,Penyelia Kilang Papan,3122-08
jobs-552,POLY-DIP-070,Link,Penyelia Kilang Makanan,,"Penyelia Jaminan Kualiti, Pemprosesan Daging Halal",3122-20
jobs-553,POLY-DIP-066,Link,Penyelia Kilang Oleokimia,,Penyelia Loji Kimia,3133-02
jobs-554,IJTM-CET-028,Link,Penyelia Kilang Plastik,,"Pemasang, Produk Plastik",8213-04
jobs-555,IJTM-CET-034,Link,Penyelia Kualiti Plastik,,Penyelia Kawalan Kualiti,3122-15
jobs-556,POLY-DIP-001,Link,Penyelia Ladang Moden,,Penolong Pengurus Taman/Ladang Gred G29,3142-19
jobs-557,POLY-DIP-064,Link,Penyelia Limbungan,,"Penyelia, Pembinaan Bangunan",3123-11
jobs-558,IKBN-CET-020,Link,Penyelia Limbungan (Dockyard),,Penyelia Trafik Kapal Kargo,3152-04
jobs-559,POLY-DIP-065,Link,Penyelia Limbungan (Shipwright),,"Penyelia Perlombongan, Pembuatan, Dan Pembinaan",312
jobs-560,IJTM-CET-013,Link,Penyelia Loji,,Penyelia Loji Kimia,3133-02
jobs-561,POLY-DIP-018,Link,Penyelia Loji Kimia,3133-02,,
jobs-562,POLY-DIP-010,Link,Penyelia Loji Petrokimia,,Penyelia Loji Kimia,3133-02
jobs-563,IJTM-CET-006,Link,Penyelia M&E,,Penyelia Elektrik,3113-06
jobs-564,POLY-DIP-022,Link,Penyelia Makmal Ujian,,Penyelia Kawalan Kualiti,3122-15
jobs-565,POLY-DIP-027,Link,Penyelia Mekanisasi Ladang,,Pegawai Teknikal Ladang Tanaman,3142-11
jobs-566,POLY-DIP-016,Link,Penyelia Menara Pemancar,,Penyelia Transit Aliran Ringan,3153-04
jobs-567,IKBN-DIP-006,Link,Penyelia Model Prototyping,,Penyelia Teknikal,3122-21
jobs-568,POLY-DIP-063,Link,Penyelia Nurseri,,Penyelia Tapak Akuakultur,3144-09
jobs-569,KKOM-CET-004,Link,Penyelia Nurseri,,Penyelia Tapak Akuakultur,3144-09
jobs-570,KKOM-CET-010,Link,Penyelia Nurseri,,Penyelia Tapak Akuakultur,3144-09
jobs-571,IJTM-CET-022,Link,Penyelia Operasi Loji,,Penyelia Operasi,3123-01
jobs-572,POLY-DIP-028,Link,Penyelia Paip & Injap,,Tukang Paip Dan Jurugegas Paip,7126
jobs-573,POLY-DIP-059,Link,Penyelia Pembinaan Kapal,,Penyelia Projek,3123-02
jobs-574,IJTM-CET-024,Link,Penyelia Pembinaan Paip,,"Penyelia, Pembinaan Bangunan",3123-11
jobs-575,IJTM-DIP-022,Link,Penyelia Pembuatan,3122,,
jobs-576,POLY-DIP-030,Link,Penyelia Pembuatan Kereta,,"Penyelia Perlombongan, Pembuatan, Dan Pembinaan",312
jobs-577,POLY-DIP-031,Link,Penyelia Pengeluaran,3122-02,,
jobs-578,IJTM-DIP-035,Link,Penyelia Pengeluaran,3122-02,,
jobs-579,IJTM-CET-026,Link,Penyelia Pengeluaran,3122-02,,
jobs-580,POLY-DIP-024,Link,Penyelia Pengeluaran (Production),,Penyelia Pembuatan,3122-01
jobs-581,IJTM-DIP-024,Link,Penyelia Pengeluaran Automotif,,Juruteknik Kejuruteraan Automotif,3154-09
jobs-582,IKBN-CET-016,Link,Penyelia Pengeluaran Bakeri,,"Penyelia Pengeluaran, Pengilangan Makanan Halal",3122-18
jobs-583,POLY-DIP-071,Link,Penyelia Pengeluaran Makanan,,"Penyelia Pengeluaran, Pengilangan Makanan Halal",3122-18
jobs-584,IKBN-DIP-007,Link,Penyelia Pengeluaran Makanan,,"Penyelia Pengeluaran, Pengilangan Makanan Halal",3122-18
jobs-585,POLY-DIP-029,Link,Penyelia Pengeluaran Plastik,,"Operator Mesin, Pembancuh Plastik",8142-01
jobs-586,POLY-DIP-014,Link,Penyelia Penyelenggaraan,3122-26,,
jobs-587,POLY-DIP-019,Link,Penyelia Penyelenggaraan,3122-26,,
jobs-588,IJTM-DIP-033,Link,Penyelia Penyelenggaraan,3122-26,,
jobs-589,POLY-DIP-026,Link,Penyelia Penyelenggaraan Bangunan,,"Penyelia, Pembinaan Bangunan",3123-11
jobs-590,IJTM-CET-031,Link,Penyelia Penyelenggaraan Bangunan,,"Penyelia, Pembinaan Bangunan",3123-11
jobs-591,IJTM-CET-018,Link,Penyelia Penyelenggaraan IT,,Penyelia Sistem Maklumat Pengurusan,3511-24
jobs-592,IJTM-DIP-017,Link,Penyelia Penyelenggaraan Loji,,Penyelia Penyelenggaraan,3122-26
jobs-593,IJTM-CET-021,Link,Penyelia Penyelenggaraan Mekanikal,,Penyelia Teknikal,3122-21
jobs-594,POLY-DIP-078,Link,Penyelia Percetakan,,Penyelia Kawalan Kualiti,3122-15
jobs-595,IKBN-CET-025,Link,Penyelia Piping,,"Penyelia, Pembinaan Bangunan",3123-11
jobs-596,POLY-DIP-079,Link,Penyelia Projek,3123-02,,
jobs-597,POLY-DIP-050,Link,Penyelia Projek Pembangunan,,Penyelia Projek,3123-02
jobs-598,IJTM-DIP-019,Link,Penyelia Proses Cleanroom,,Penyelia Pusat Data,3512-13
jobs-599,KKOM-CET-037,Link,Penyelia Rangkaian,,Penyelia Pusat Data,3512-13
jobs-600,POLY-DIP-048,Link,Penyelia Resort,,Penyelia Tingkat Hotel dan Penginapan,5151-02
jobs-601,POLY-DIP-051,Link,Penyelia Restoran,5131-06,,
jobs-602,KKOM-DIP-007,Link,Penyelia Restoran,5131-06,,
jobs-603,POLY-DIP-032,Link,Penyelia Sistem Kawalan,,Penyelia Sistem Maklumat Pengurusan,3511-24
jobs-604,IJTM-CET-016,Link,Penyelia Sokongan IT,,Pengurus Sokongan Teknologi Maklumat,1511-34
jobs-605,POLY-DIP-025,Link,Penyelia Talian Pembungkusan,,Penyelia Barangan Siap,3122-06
jobs-606,POLY-DIP-040,Link,Penyelia Taman Tema,,Pengurus Taman,1621-04
jobs-607,POLY-DIP-035,Link,Penyelia Tapak,3123-04,,
jobs-608,POLY-DIP-057,Link,Penyelia Tapak,3123-04,,
jobs-609,KKOM-DIP-008,Link,Penyelia Tapak,3123-04,,
jobs-610,KKOM-CET-036,Link,Penyelia Tapak,3123-04,,
jobs-611,POLY-DIP-007,Link,Penyelia Tapak (Site Supervisor),,Penyelia Projek,3123-02
jobs-612,KKOM-CET-018,Link,Penyelia Tapak (Site Supervisor),,Penyelia Projek,3123-02
jobs-613,IKBN-CET-001,Link,Penyelia Tapak Bina,,"Penyelia, Pembinaan Bangunan",3123-11
jobs-614,IKBN-CET-006,Link,Penyelia Tapak Bina,,"Penyelia, Pembinaan Bangunan",3123-11
jobs-615,IJTM-CET-005,Link,Penyelia Tapak Bina (Site Supervisor),,Penyelia Projek,3123-02
jobs-616,POLY-CET-001,Link,Penyelia Tapak Junior,,Penyelia Tapak,3123-04
jobs-617,KKOM-CET-028,Link,Penyelia Tapak Junior,,Penyelia Tapak,3123-04
jobs-618,POLY-DIP-006,Link,Penyelia Tapak Pelupusan,,Penyelia Kawalan Operasi Gas Tapak Pelupusan,3134-22
jobs-619,KKOM-DIP-013,Link,Penyelia Tapak Telco,,Operator Perkhidmatan Telekomunikasi,4223-01
jobs-620,IJTM-CET-038,Link,Penyelia Tapak Telekomunikasi,,Juruteknik Telekomunikasi,3522-04
jobs-621,POLY-DIP-020,Link,Penyelia Teknikal,3122-21,,
jobs-622,IJTM-CET-030,Link,Penyelia Teknikal,3122-21,,
jobs-623,IJTM-CET-033,Link,Penyelia Teknikal,3122-21,,
jobs-624,IKBN-CET-026,Link,Penyelia Teknikal Kilang,,Penyelia Teknikal,3122-21
jobs-625,POLY-DIP-041,Link,Penyelidik Pasaran,,Penyelidik Pasaran-Penganalisis Perniagaan (Organisasi),2421-07
jobs-626,IKBN-CET-005,Link,Penyembur Cat (Sprayer),,Penyembur Cat,7132-01
jobs-627,IKBN-CET-019,Link,Penyunting Video (Video Editor),,Pembantu Produksi (Media),3521-04
jobs-628,POLY-DIP-041,Link,Perancang Acara,3332-08,,
jobs-629,POLY-DIP-005,Link,Perancang Kewangan,,Perunding Kewangan,2412-19
jobs-630,POLY-DIP-038,Link,Perancang Kewangan,,Perunding Kewangan,2412-19
jobs-631,POLY-DIP-039,Link,Perancang Kewangan Islam,,Penasihat Kewangan Korporat,2412-03
jobs-632,POLY-DIP-065,Link,Perancang Projek Marin,,Pakar Rantaian Bekalan-Perolehan,2182-18
jobs-633,POLY-DIP-045,Link,Perancang Rantaian Bekalan,,Pengurus Rantaian Bekalan,1214-11
jobs-634,POLY-DIP-029,Link,Pereka Acuan (Mold Designer),,Pembuat Acuan,7211-01
jobs-635,KKOM-CET-022,Link,Pereka Batik,,Pereka Produk Dan Pakaian,2163
jobs-636,POLY-DIP-031,Link,Pereka CAD,,Pereka AutoCad,3115-53
jobs-637,POLY-DIP-053,Link,Pereka Fesyen (Fashion Designer),,Pereka Produk Dan Pakaian,2163
jobs-638,IKBN-DIP-003,Link,Pereka Fesyen (Fashion Designer),,Pereka Produk Dan Pakaian,2163
jobs-639,POLY-DIP-080,Link,Pereka Fesyen Batik,,Pencanting Batik,7318-02
jobs-640,POLY-DIP-054,Link,Pereka Grafik,2543-02,,
jobs-641,IJTM-CET-023,Link,Pereka Grafik,2543-02,,
jobs-642,IJTM-CET-036,Link,Pereka Grafik,2543-02,,
jobs-643,KKOM-CET-011,Link,Pereka Grafik Junior,,Pereka Grafik,2543-02
jobs-644,IKBN-CET-019,Link,Pereka Grafik Multimedia,,Pereka Grafik Dan Multimedia,2166
jobs-645,POLY-DIP-081,Link,Pereka Hiasan Dalaman,3632-02,,
jobs-646,KKOM-CET-011,Link,Pereka Iklan,,Pereka Grafik Dan Multimedia,2166
jobs-647,POLY-DIP-053,Link,Pereka Kostum,,Pereka Set Teater,3632-19
jobs-648,POLY-DIP-080,Link,Pereka Kostum,,Pereka Set Teater,3632-19
jobs-649,POLY-DIP-063,Link,Pereka Landskap,,Arkitek Landskap,2162
jobs-650,POLY-DIP-020,Link,Pereka Mesin Automasi,,Pereka Produk Dan Pakaian,2163
jobs-651,POLY-DIP-055,Link,Pereka Pembungkusan,,Pereka Produk Dan Pakaian,2163
jobs-652,POLY-DIP-025,Link,Pereka Pembungkusan (Packaging Designer),,Pereka Produk Dan Pakaian,2163
jobs-653,POLY-DIP-055,Link,Pereka Perabot,3632-03,,
jobs-654,POLY-DIP-062,Link,Pereka Perabot,3632-03,,
jobs-655,POLY-DIP-081,Link,Pereka Perabot,3632-03,,
jobs-656,IJTM-CET-035,Link,Pereka Perabot,3632-03,,
jobs-657,POLY-DIP-031,Link,Pereka Produk (Industrial Designer),,Pereka Produk Dan Pakaian,2163
jobs-658,POLY-DIP-055,Link,Pereka Produk (Product Designer),,Pereka Produk Dan Pakaian,2163
jobs-659,POLY-DIP-030,Link,Pereka Produk Automotif,,Pereka Produk Dan Pakaian,2163
jobs-660,IKBN-CET-029,Link,Pereka Produk Industri,,Pereka Produk Dan Pakaian,2163
jobs-661,POLY-DIP-026,Link,Pereka Sistem Penyejukan,,Jurutera Pereka Sistem (Teknologi Maklumat),2522-35
jobs-662,IJTM-CET-002,Link,Perekabentuk Acuan,,Pembuat Acuan Dan Pembuat Teras Logam,7211
jobs-663,IJTM-CET-007,Link,Perekabentuk Komponen,,Pereka Produk Dan Pakaian,2163
jobs-664,IJTM-CET-037,Link,Perekabentuk Produk,,Pereka Produk Komersil,2163-01
jobs-665,IKBN-DIP-006,Link,Perekabentuk Produk (Industrial Designer),,Pakar Analisis Produk dan Rekaan,2163-31
jobs-666,IKBN-DIP-002,Link,Perekabentuk Sistem Penyejukan,,Operator Sistem Penyejukan,3132-07
jobs-667,POLY-DIP-017,Link,Perunding Alat Perubatan,,Perunding Produk,2182-35
jobs-668,IKBN-CET-017,Link,Perunding Gaya Rambut,,"Pegawai Perunding Cara, Profesional Bersekutu",3611-06
jobs-669,KKOM-DIP-001,Link,Perunding Imej,2423-26,,
jobs-670,IKBN-DIP-003,Link,Perunding Imej,2423-26,,
jobs-671,KKOM-DIP-016,Link,Perunding Kecantikan,,Konsultan Kecantikan,5142-14
jobs-672,IKBN-CET-018,Link,Perunding Kecantikan,,Konsultan Kecantikan,5142-14
jobs-673,POLY-DIP-037,Link,Perunding Perniagaan,,Perunding Kewangan,2412-19
jobs-674,POLY-DIP-052,Link,Perunding Perniagaan,,Perunding Kewangan,2412-19
jobs-675,POLY-DIP-012,Link,Perunding Tenaga Hijau,,Pakar Pembangunan Guna Tenaga,2424-03
jobs-676,IKBN-CET-025,Link,Pipe Fitter,,"Pekerja Pembuat Acuan, Pengimpal Logam Kepingan Dan Struktur, Dan Pekerja Pertukangan Yang Berkaitan",721
jobs-677,IJTM-CET-024,Link,Pipe Fitter,,"Pekerja Pembuat Acuan, Pengimpal Logam Kepingan Dan Struktur, Dan Pekerja Pertukangan Yang Berkaitan",721
jobs-678,KKOM-DIP-008,Link,Piping Designer,,"Profesional Perlombongan, Pembuatan, Dan Pembinaan",218
jobs-679,KKOM-CET-012,Link,Pramusaji,,Pramusaji Gred K3,5131-11
jobs-680,KKOM-CET-002,Link,Pramusaji (Waiter),,Pramusaji Gred K3,5131-11
jobs-681,IKBN-CET-013,Link,Pramusaji (Waiter/Waitress),,"Pekerja Makanan dan Minuman, Perkhidmatan Bilik",5131-08
jobs-682,IJTM-DIP-035,Link,Programmer CAD/CAM,,Juruteknik CAD/CAM (Rekabentuk Dan Pembuatan Berbantu Komputer),3115-38
jobs-683,POLY-DIP-024,Link,Programmer CNC,,Juruteknik CNC (Kawalan Berangka Komputer),3115-27
jobs-684,IJTM-DIP-022,Link,Programmer CNC,,Juruteknik CNC (Kawalan Berangka Komputer),3115-27
jobs-685,IJTM-CET-030,Link,Programmer CNC,,Juruteknik CNC (Kawalan Berangka Komputer),3115-27
jobs-686,POLY-DIP-014,Link,Programmer PLC,,Penolong Jurutera PLC (Pengawal Logik Boleh Diprogram),3511-35
jobs-687,IJTM-CET-010,Link,Programmer PLC,,Penolong Jurutera PLC (Pengawal Logik Boleh Diprogram),3511-35
jobs-688,POLY-DIP-024,Link,QA Inspector,,Jurutera Pemeriksa Jaminan Kualiti atau Kawalan Kualiti (QA atau QC),2149-21
jobs-689,POLY-DIP-029,Link,QA Technician,,Jurutera Pemeriksa Jaminan Kualiti atau Kawalan Kualiti (QA atau QC),2149-21
jobs-690,POLY-DIP-019,Link,QA/QC Inspector,,Jurutera Pemeriksa Jaminan Kualiti atau Kawalan Kualiti (QA atau QC),2149-21
jobs-691,POLY-DIP-065,Link,QA/QC Inspector,,Jurutera Pemeriksa Jaminan Kualiti atau Kawalan Kualiti (QA atau QC),2149-21
jobs-692,POLY-DIP-066,Link,QA/QC Makanan,,Pengawal Kualiti Produk,2182-12
jobs-693,POLY-DIP-030,Link,Quality Control,,Pengawal Kualiti Produk,2182-12
jobs-694,POLY-DIP-002,Link,Quality Control (QC),,Pengawal Kualiti Produk,2182-12
jobs-695,POLY-DIP-040,Link,Ranger Taman Negara,,,
jobs-696,KKOM-CET-003,Link,Renjer Hutan,6211-23,,
jobs-697,IKBN-CET-012,Link,Resepsionis Hotel,,Penyambut Tetamu Hotel,4224-10
jobs-698,POLY-DIP-016,Link,RF Technician,,,
jobs-699,IJTM-CET-022,Link,Rigger & Slinger,,,
jobs-700,IJTM-CET-038,Link,Rigger Menara,,,
jobs-701,POLY-DIP-028,Link,Safety Supervisor,,Pegawai Kesihatan dan Keselamatan Pekerjaan,2263-06
jobs-702,KKOM-CET-018,Link,Safety Supervisor,,Pegawai Kesihatan dan Keselamatan Pekerjaan,2263-06
jobs-703,POLY-DIP-009,Link,Service Engineer,,"Operator, Mesin Pengeluaran Kabel",8221-04
jobs-704,POLY-DIP-056,Link,Setiausaha Eksekutif (PA),,Setiausaha Eksekutif,3343-10
jobs-705,IJTM-CET-028,Link,Setter Mesin,,"Operator Mesin, Busa Getah",8141-13
jobs-706,IJTM-CET-016,Link,Sistem Administrator,,Jurutera Sistem Rangkaian (Teknologi Maklumat),2523-10
jobs-707,POLY-DIP-072,Link,Software Engineer,,Antara Muka Pengguna (UI) atau Gameplay Coders,2514-34
jobs-708,IKBN-CET-013,Link,Steward Kapal Persiaran,,Kelasi Kapal Dan Pekerja Yang Berkaitan,8351
jobs-709,POLY-DIP-067,Link,Storyboard Artist,,Animator,2542-08
jobs-710,KKOM-CET-005,Link,Storyboard Artist,,Animator,2542-08
jobs-711,IJTM-CET-012,Link,Structural Fitter,,"Pekerja Pembuat Acuan, Pengimpal Logam Kepingan Dan Struktur, Dan Pekerja Pertukangan Yang Berkaitan",721
jobs-712,KKOM-CET-028,Link,Sub-Kontraktor,,Kontraktor Pembinaan,1323-20
jobs-713,POLY-DIP-059,Link,Superintendent,,Superintenden Marin (Dek),2172-10
jobs-714,POLY-DIP-034,Link,Superintendent Limbungan,,Superintenden Marin (Dek),2172-10
jobs-715,POLY-DIP-073,Link,System Administrator,,Pakar Infrastruktur Komputer,2514-33
jobs-716,POLY-DIP-015,Link,Technical Support,,Pakar Service Desk,2511-68
jobs-717,KKOM-DIP-009,Link,Technical Support,,Pakar Service Desk,2511-68
jobs-718,KKOM-CET-035,Link,Technical Support,,Pakar Service Desk,2511-68
jobs-719,KKOM-DIP-002,Link,Texture Artist,,Profesional Kesan Visual Dan Animasi,2541
jobs-720,KKOM-CET-006,Link,Texture Artist,,Profesional Kesan Visual Dan Animasi,2541
jobs-721,POLY-DIP-046,Link,Travel Consultant,,Penyedia Kerja Perjalanan,5111-14
jobs-722,KKOM-CET-008,Link,Tukang Jahit (Tailor),,"Tukang Jahit, Penjahit Pakaian, Penjahit Pakaian Bulu, Dan Pembuat Topi",7621
jobs-723,IKBN-CET-011,Link,Tukang Jahit (Tailor),,"Tukang Jahit, Penjahit Pakaian, Penjahit Pakaian Bulu, Dan Pembuat Topi",7621
jobs-724,KKOM-CET-021,Link,Tukang Kayu,7115-01,,
jobs-725,IJTM-CET-035,Link,Tukang Kayu Mahir,,Tukang Kayu Dan Tukang Tanggam,7115
jobs-726,KKOM-CET-010,Link,Tukang Kebun Profesional,,Pekebun Dan Penanam Tanaman Pasaran,611
jobs-727,KKOM-CET-001,Link,Tukang Masak,512,,
jobs-728,KKOM-CET-009,Link,Tukang Masak,512,,
jobs-729,IKBN-CET-014,Link,Tukang Masak Katering,,"Tukang Masak, Perkhidmatan Hotel dan Katering",5121
jobs-730,KKOM-CET-017,Link,Tukang Paip/Elektrik,,Pendawai Elektrik,7412
jobs-731,KKOM-CET-028,Link,Tukang Rumah,,Pembina Rumah Dan Pekerja Binaan,7111
jobs-732,KKOM-CET-034,Link,Tuner Motor,,Mekanik Kenderaan Bermotor,7231
jobs-733,POLY-DIP-072,Link,UI/UX Designer,,Pereka UX (Pengalaman Pengguna),2543
jobs-734,POLY-DIP-042,Link,Usahawan,,,
jobs-735,POLY-DIP-037,Link,Usahawan (Founder),,Ketua Pegawai Eksekutif (CEO),1121-01
jobs-736,KKOM-CET-023,Link,Usahawan Akuakultur,,Penternak Akuakultur,6221-12
jobs-737,KKOM-DIP-010,Link,Usahawan Bakeri,,"Pembuat Roti, Pastri, Pasta, Dan Konfeksi",7512
jobs-738,KKOM-CET-024,Link,Usahawan Bengkel,,Pekerja Bengkel,7231-07
jobs-739,IJTM-CET-003,Link,Usahawan Bengkel,,Pekerja Bengkel,7231-07
jobs-740,KKOM-CET-034,Link,Usahawan Bengkel Motor,,Mekanik Kenderaan Bermotor,7231-04
jobs-741,POLY-CET-001,Link,Usahawan Binaan,,Pembina Rumah Dan Pekerja Binaan,7111
jobs-742,POLY-DIP-002,Link,Usahawan Bio-Produk,,Penyelidik Agro-Based Biotek Makanan,2426-03
jobs-743,IKBN-DIP-003,Link,Usahawan Butik,,"Tukang Jahit, Penjahit Pakaian, Penjahit Pakaian Bulu, Dan Pembuat Topi",7621
jobs-744,POLY-DIP-060,Link,Usahawan E-Dagang,,Pengurus Pembangunan Aplikasi E-Dagang,1511-36
jobs-745,POLY-CET-002,Link,Usahawan Elektrik,,Pemasang Dan Pembaik Talian Elektrik,7413
jobs-746,KKOM-CET-025,Link,Usahawan Elektrik,,Pendawai Elektrik,7412-25
jobs-747,POLY-DIP-053,Link,Usahawan Fesyen,,Pengurus Fesyen dan Pakaian,1214-09
jobs-748,KKOM-CET-008,Link,Usahawan Fesyen,,Pengurus Fesyen dan Pakaian,1214-09
jobs-749,KKOM-DIP-009,Link,Usahawan Gajet,,Pegawai Perubatan,3141
jobs-750,KKOM-CET-035,Link,Usahawan Gajet,,Pegawai Perubatan,3141
jobs-751,KKOM-CET-020,Link,Usahawan Hiasan,,"Pengurus, Pengilangan Makanan Halal",1216-03
jobs-752,KKOM-CET-030,Link,Usahawan IKS,,Ketua Pegawai Eksekutif Badan Berkanun,1112-22
jobs-753,IKBN-CET-015,Link,Usahawan Kafe & Bakeri,,"Pengurus Kafe, Bar dan Snack-Bar",1412-05
jobs-754,KKOM-CET-015,Link,Usahawan Katering,,"Tukang Masak, Perkhidmatan Hotel dan Katering",5121-02
jobs-755,KKOM-CET-038,Link,Usahawan Kecantikan,,Konsultan Kecantikan,5142-14
jobs-756,KKOM-CET-016,Link,Usahawan Kecil,,"Pengurus Pengeluaran dan Operasi, Perdagangan Runcit (Kedai)",1421-13
jobs-757,IJTM-DIP-034,Link,Usahawan Kedai Komputer,,Pengurus Perkhidmatan Komputer,1511-10
jobs-758,IJTM-CET-016,Link,Usahawan Kedai Komputer,,Pengurus Perkhidmatan Komputer,1511-10
jobs-759,KKOM-CET-013,Link,Usahawan Kek (Home Baker),,"Pembuat Roti, Pastri, Pasta, Dan Konfeksi",7512
jobs-760,POLY-DIP-081,Link,Usahawan Kraf,,Ketua Pasukan Kreatif,2543-17
jobs-761,KKOM-CET-022,Link,Usahawan Kraf,,Ketua Pasukan Kreatif,2543-17
jobs-762,KKOM-DIP-004,Link,Usahawan Makanan,,Eksekutif Makanan dan Minuman,2712-04
jobs-763,IKBN-CET-014,Link,Usahawan Makanan (Food Truck/Kafe),,"Pengurus Kafe, Bar dan Snack-Bar",1412-05
jobs-764,POLY-DIP-051,Link,Usahawan Makanan Halal,,"Eksekutif Halal, Pengilangan Makanan Halal",2263-32
jobs-765,IJTM-CET-035,Link,Usahawan Perabot,,Pembuat Perabot Rotan,7317-08
jobs-766,POLY-DIP-078,Link,Usahawan Percetakan,,Pengurus Pembangunan Perniagaan dan Produk,Pengurus Pembangunan Perniagaan dan Produk (1214-12)
jobs-767,IKBN-CET-016,Link,Usahawan Pizza & Pastri,,"Pembuat Roti, Pastri, Pasta, Dan Konfeksi","Pembuat Roti, Pastri, Pasta, Dan Konfeksi (7512)"
jobs-768,IKBN-DIP-007,Link,Usahawan Produk IKS,,Pengurus Produk,Pengurus Produk (1221-07)
jobs-769,POLY-DIP-058,Link,Usahawan Restoran,,Pengurus Restoran,Pengurus Restoran (1412)
jobs-770,KKOM-DIP-001,Link,Usahawan Salun,,"Pengurus Pengeluaran dan Operasi, Perdagangan Runcit (Kedai)","Pengurus Pengeluaran dan Operasi, Perdagangan Runcit (Kedai) (1421-13)"
jobs-771,KKOM-CET-007,Link,Usahawan Salun,,"Pengurus Pengeluaran dan Operasi, Perdagangan Runcit (Kedai)","Pengurus Pengeluaran dan Operasi, Perdagangan Runcit (Kedai) (1421-13)"
jobs-772,KKOM-CET-031,Link,Usahawan Servis,,"Pengurus Jualan, Pemasaran, Dan Pembangunan","Pengurus Jualan, Pemasaran, Dan Pembangunan (122)"
jobs-773,IKBN-CET-001,Link,Usahawan Servis Jentera,,Pemasang Jentera Mekanikal,Pemasang Jentera Mekanikal (8211)
jobs-774,IKBN-CET-009,Link,Usahawan Servis Penyejukan,,Pengurus Perkhidmatan Perniagaan Dan Pentadbiran,Pengurus Perkhidmatan Perniagaan Dan Pentadbiran (121)
jobs-775,KKOM-CET-004,Link,Usahawan Tani Kecil,,Pekebun Dan Penanam Tanaman Pasaran,Pekebun Dan Penanam Tanaman Pasaran (611)
jobs-776,KKOM-DIP-005,Link,Usahawan Teknikal,,Pakar Teknikal Teknologi Maklumat,2522-15
jobs-777,POLY-DIP-080,Link,Usahawan Tekstil,,Ahli Teknologi Tekstil,2141-22
jobs-778,KKOM-DIP-015,Link,Usahawan Tenaga Hijau,,Pakar Pembangunan Guna Tenaga,2424-03
jobs-779,POLY-DIP-061,Link,Usahawan Ternakan,,"Pengurus Pengeluaran Pertanian, Perhutanan, Dan Penternakan",1311
jobs-780,POLY-DIP-067,Link,VFX Artist,,Profesional Kesan Visual Dan Animasi,2541
jobs-781,POLY-DIP-068,Link,Video Editor,,Penerbit Multimedia,2844-03
jobs-782,POLY-DIP-068,Link,Videographer,,Juruvideografi,3521-23
jobs-783,POLY-DIP-004,Link,Visual Merchandiser,,Pereka Hiasan Visual,3632-10
jobs-784,POLY-DIP-047,Link,Visual Merchandiser,,Pereka Hiasan Visual,3632-10
jobs-785,IJTM-CET-008,Link,Visualiser 3D,,Pemodel 3D,2541-05
jobs-786,POLY-DIP-075,Link,VR/AR Developer,,Profesional Kesan Visual Dan Animasi,2541
jobs-787,POLY-DIP-076,Link,Web Developer,,Pembangun Web Dan Multimedia,2513
jobs-788,POLY-DIP-043,Link,Wedding Planner,,"Profesional Jualan, Pemasaran, Dan Perhubungan Awam",243
jobs-789,POLY-CET-003,Link,Welder (Pengimpal),,"Pekerja Pembuat Acuan, Pengimpal Logam Kepingan Dan Struktur, Dan Pekerja Pertukangan Yang Berkaitan",721
