masco,pekerjaan
3111,Juruteknik Sains Kimia Dan Fizik
3111-01,Pembantu Makmal Gred C19
3111-02,Pembantu Penyelidik Gred Q19
3111-04,Juruteknik Fizik
3111-05,Juruteknik Geofizik
3111-06,Juruteknik Kimia
3111-07,Juruteknik Makmal Sains Fizik
3111-08,Juruteknik Sains Fizik
3111-09,Pembantu Makmal Fizik
3111-10,Pembantu Makmal Kimia
3111-11,Pembantu Makmal Sains Fizik
3111-12,Juruteknik Tanih
3111-13,Pembantu Makmal Tanih
3111-14,Juruteknik Meteorologi
3111-15,Pembantu Meteorologi
3111-16,Juruteknik Geologi
3111-17,Pembantu Makmal Geologi
3111-18,Konduktor Penyelidikan Makmal Ladang
3111-19,Juruteknik Astronomi
3111-20,Juruteknik Oseanografi
3111-21,Pembantu Makmal
3111-22,Juruteknik Aerologik
3111-23,Pengawal Runtuhan
3111-24,Pemproses Data Iklim
3111-25,Juruteknik Perkhidmatan Iklim
3111-26,Inspektor Meteorologi
3111-27,Pembantu Stesen Kaji Cuaca
3111-28,"Juruteknik Operasi, Stesen Kaji Cuaca"
3111-29,Pemerhati Keadaan Cuaca
3111-30,Pembantu Geosains Gred C19
3111-31,Pembantu Makmal Gred K1
3111-32,Juruteknik Makmal
3111-33,Penolong Pegawai Meteorologi Gred C29
3111-34,Penolong Pegawai Geosains Gred C29
3111-36,Penolong Pegawai Sains Gred C29
3111-37,Penolong Pegawai Penyelidik Gred Q29
3111-38,Juruteknik Proses Kimia
3111-39,Juruteknik Sains Forensik
3111-40,Pembantu Ahli Kimia
3112,Juruteknik Kejuruteraan Awam
3112-01,Juruteknik Instrumen Perindustrian
3112-02,Juruteknik Kejuruteraan Awam
3112-03,Pembantu Kejuruteraan Awam
3112-04,Penganggar Kejuruteraan Awam
3112-05,Penyelia Kerja
3112-06,Pembantu Teknik Ukur
3112-07,Pembantu Ukur
3112-08,Pereka Kejuruteraan
3112-09,"Penyelia, Kejuruteraan Awam"
3112-10,Juruteknik Mesin Penggerudian Terowong
3112-11,Inspektor Bangunan
3112-12,Juruteknik Geoteknik
3112-13,Inspektor Kebakaran
3112-14,Juruteknik Ukur
3112-15,Juruteknik Binaan
3112-16,Jurubina Bangunan
3112-17,Juruteknik Instrumen Proses
3112-18,Pembantu Ukur Bangunan
3112-19,Penolong Jurutera Gred JA29
3112-20,Penolong Pegawai Eksekutif (Kejuruteraan) Gred 31
3112-21,Penolong Pegawai Eksekutif (Juruteknik) Gred L8
3112-22,Penolong Pegawai Eksekutif (Kejuruteraan) Gred L8
3112-23,Penolong Jurutera
3112-24,Penolong Pegawai Eksekutif Kejuruteraan
3112-25,Penolong Jurutera Awam
3112-26,Juruteknik Operasi
3112-27,Juruteknik Penyelenggaraan Kemudahan Bangunan Hijau
3112-28,Pembantu Juruteknik Penyelenggaraan Kemudahan Bangunan Hijau
3112-29,Juruteknik Perobohan Bangunan
3112-30,Pembantu Jurutera Penyelenggaraan
3112-31,Juruteknik Ukur Bahan
3112-32,Penolong Juruukur Bahan Gred JA29
3112-33,Pembantu Juruukur Bahan
3112-34,Penolong Jurutera Gred 19
3112-35,Penolong Juruukur Bahan Gred 19
3112-36,Pembantu Teknik Ukur Bangunan Gred 19
3112-37,Penolong Juruukur Bangunan Gred J29
3112-38,Ketua Penyelenggara Kebakaran
3112-39,Juruteknik Penyelenggara Kebakaran
3112-40,Juruteknik Kejuruteraan
3112-41,Penolong Teknikal
3112-42,Penarik Rantai
3113,Juruteknik Kejuruteraan Elektrik
3113-01,Juruteknik Kejuruteraan Elektrik
3113-02,Juruteknik Pemotongan Wayar
3113-03,Juruteknik Kejuruteraan Elektrik Voltan Tinggi
3113-04,Pembantu Kejuruteraan Elektrik
3113-05,Pembantu Teknik Elektrik
3113-06,Penyelia Elektrik
3113-07,Penyelia Elektrik Dan Peralatan
3113-08,Pembantu Kejuruteraan Elektrik Sistem Voltan Tinggi
3113-09,Juruteknik Kejuruteraan Elektrik Transmisi Kuasa Elektrik
3113-10,Penganggar Kejuruteraan Elektrik
3113-11,Juruteknik Elektrik Kenderaan
3113-12,Penyambung Kabel Gentian Optik
3113-14,Juruteknik Elektrik Voltan Tinggi
3113-15,Juruteknik Nyahpepijat
3113-16,Penolong Jurutera Elektrik
3114,Juruteknik Kejuruteraan Elektronik
3114-01,Juruteknik Kejuruteraan Elektronik
3114-02,Penganggar Kejuruteraan Elektronik
3114-03,Pembantu Kejuruteraan Elektronik
3114-04,Juruteknik Reka Bentuk Elektronik
3114-05,Juruteknik Elektronik Fabrikasi Wafer
3115,Juruteknik Kejuruteraan Mekanikal
3115-01,Juruteknik Kejuruteraan Aeroangkasa (Mekanikal)
3115-02,Juruteknik Kejuruteraan Aeronautik
3115-03,Juruteknik Kejuruteraan Automobil
3115-09,Juruteknik Kejuruteraan Mekanikal (Pertanian)
3115-12,Pembantu Kejuruteraan Aeronautik (Mekanikal) Dan Kelengkapan
3115-13,Pembantu Kejuruteraan Automobil
3115-14,Pembantu Kejuruteraan Mekanikal
3115-15,Penganggar Kejuruteraan Mekanikal
3115-16,Ketua Dok Kering
3115-17,Ketua Dok Galian
3115-18,Juruteknik Kejuruteraan Marin
3115-19,Pembantu Kejuruteraan Marin
3115-21,Juruteknik Hos Hidraulik
3115-23,Juruteknik Automasi Robot
3115-24,Juruteknik Mekatronik
3115-25,Juruteknik Mesin
3115-26,Juruteknik Kejuruteraan Aeronotik
3115-27,Juruteknik CNC (Kawalan Berangka Komputer)
3115-28,Juruteknik Kimpalan
3115-29,Juruteknik Pembuatan Logam
3115-31,Orang Yang Kompeten (OYK) - Juruteknik Higien 1
3115-33,Penyelia CNC (Kawalan Berangka Komputer)
3115-34,Pemeriksa Kereta Motor Gred AB19
3115-35,Penolong Jurutera Automasi Perindustrian
3115-36,Penolong Jurutera CAD/CAM (Rekabentuk Dan Pembuatan Berbantu Komputer)
3115-37,Penolong Jurutera Mekatronik
3115-38,Juruteknik CAD/CAM (Rekabentuk Dan Pembuatan Berbantu Komputer)
3115-44,Pendraf AutoCad
3115-45,Pakar Penanda
3115-46,Pemeriksa Kereta Motor Gred AB29
3115-47,Juruteknik Robotik
3115-48,Juruteknik Peralatan
3115-49,Penolong Jurutera Peralatan
3115-50,Penolong Jurutera Kimpalan
3115-51,Juruteknik Kalibrasi
3115-52,Orang Yang Kompeten (OYK) - Juruteknik Higien 2
3115-53,Pereka AutoCad
3115-54,Penyelia Pneumatik
3115-55,Juruteknik Pembaikan Dan Penyelenggaraan (R&M)
3115-56,Juruteknik Kejuruteraan Optik
3116,Juruteknik Kejuruteraan Kimia
3116-01,Juruteknik Kejuruteraan Kimia
3116-02,Juruteknik Kejuruteraan Proses Kimia
3116-03,Juruteknik Kejuruteraan Petroleum
3116-04,Ahli Teknologi Minyak
3116-05,Juruteknik Kejuruteraan Kimia (Petroleum)
3116-06,Juruteknik Penapisan Petroleum
3116-07,Pembantu Makmal Penapisan Petroleum
3116-09,Penganggar Kejuruteraan Kimia
3116-10,Pembantu Kejuruteraan Kimia
3116-11,Juruteknik Kejuruteraan Proses
3117,Juruteknik Perlombongan Dan Kaji Logam
3117-01,Juruteknik Kaji Logam
3117-02,Juruteknik Kaji Logam Ekstraktif
3117-03,Juruteknik Pengekstrakan Petroleum dan Gas Asli
3117-04,Pembantu Makmal Kaji Logam
3117-09,Pembantu Kaji Logam Fizik
3117-10,Juruteknik Kejuruteraan Perlombongan
3117-11,Pembantu Perlombongan
3117-12,Juruteknik Peletup Telaga Minyak dan Gas
3117-13,Pembantu Pengekstrakan Petroleum dan Gas Asli
3117-14,Pengasid Telaga Minyak dan Gas
3117-16,Juruteknik Pam Minyak
3117-17,Juruteknik Lombong Arang Batu
3117-18,Juruteknik Pengorek Blok
3117-20,Pembantu Kaji Logam Ekstraktif
3117-21,Juruteknik Foundri
3117-22,Juruteknik Pengeluaran Bahan Api Teknologi Hijau
3117-23,Profesional Bersekutu Lapangan
3118,Pelukis Pelan Dan Juruteknik Ukur
3118-01,Pelukis Pelan (Seni Bina) Gred JA19
3118-02,Juruteknik Lukis Pelan
3118-03,Pelukis Pelan
3118-22,Penyurih
3118-23,Ilustrator Kejuruteraan
3118-24,Juruteknik Geospatial
3118-25,Juruteknik Landskap
3118-26,Penolong Pegawai Seni Bina Gred JA29
3118-27,Pelukis Pelan (Kejuruteraan Awam) Gred JA19
3118-28,Penolong Arkitek Landskap Gred JA29
3118-29,Penolong Pegawai Tanah (Semenanjung) NT29
3118-30,Penolong Pentadbir Tanah (Sabah dan Sarawak) Gred NT29
3118-31,Penolong Juruukur Gred JA29
3118-32,Penolong Pegawai Perancang Bandar dan Desa Gred JA29
3118-33,Penolong Pegawai Seni Bina Gred 19
3118-34,Penolong Arkitek
3119,Juruteknik Industri Dan Pengeluaran
3119-01,Juruteknik
3119-02,Juruteknik Gred P4
3119-14,"Pembantu Kejuruteraan, Pengeluaran"
3119-15,Juruteknik Kejuruteraan (Pengeluaran)
3119-16,Penyiasat Kebakaran
3119-19,Juruteknik Kawalan Kualiti
3119-20,Juruteknik Pemotongan
3119-24,Juruproses Gred K2
3119-28,Juruteknik Kejuruteraan Jaminan Kualiti
3119-29,Penolong Pemeriksa Kilang dan Jentera Gred JA29
3119-31,Juruteknik Pencelupan
3119-36,Juruteknik Sisa Pepejal
3119-37,Pembantu Juruteknik Sisa Pepejal
3119-38,Juruteknik Air
3119-39,Pembantu Juruteknik Air
3119-40,Juruteknik Air Sisa
3119-42,Juruteknik Lukisan
3119-43,Juruteknik Pemprosesan Makanan
3119-44,Juruteknik Pengisar Aci Engkol
3119-45,Juruteknik Penyelidikan Agro-Based Biotek Makanan
3119-46,Juruteknik Penyelidikan Biotek Akuakultur
3119-47,Pembantu Juruteknik
3119-48,Juruteknik Ujian
3119-49,Juruteknik Kualiti Air
3119-50,Juruteknik Perkakas
3119-51,Penolong Pakar Pengeluaran
3119-52,Penolong Eksekutif Pengeluaran
3119-53,Juruteknik Pembuatan
3119-54,Juruteknik Analisis Bahan
3119-55,Pengendali Surface Mount Technology (SMT)
3121,Penyelia Perlombongan
3121-01,Penyelia Lombong
3121-02,Penyelia Kuari
3121-03,Penyelia Slickline
3121-04,Penyelia Perkhidmatan
3122,Penyelia Pembuatan
3122-01,Penyelia Pembuatan
3122-02,Penyelia Pengeluaran
3122-03,Penyelia Kemasan
3122-04,Penyelia Pembungkusan
3122-05,Penyelia Pengkompaunan
3122-06,Penyelia Barangan Siap
3122-07,Penyelia Pemotong
3122-08,Penyelia Kilang Papan
3122-09,Penyelia Pemeriksaan Papan Lapis
3122-10,Penyelia Penggergaji
3122-11,Ketua Penyelia Hookman
3122-12,Penyelia Balak
3122-13,"Penyelaras Kawasan, Pembuatan"
3122-15,Penyelia Kawalan Kualiti
3122-17,Pemeriksa Penguji Kualiti
3122-18,"Penyelia Pengeluaran, Pengilangan Makanan Halal"
3122-19,"Penyelia Jaminan Kualiti, Pengilangan Makanan Halal"
3122-20,"Penyelia Jaminan Kualiti, Pemprosesan Daging Halal"
3122-21,Penyelia Teknikal
3122-22,Inspektor Non-Destructive Testing (NDT)
3122-23,Penyelia
3122-24,Penyelia Stor
3122-25,Penyelia Syif
3122-26,Penyelia Penyelenggaraan
3122-27,Penyelia Gred P4
3122-28,"Penyelia, Rumah Sembelihan Halal"
3122-29,"Penyelia Gudang, Operasi Logistik Halal"
3122-30,Pembantu Penyelia
3122-31,Ketua Penyelia
3122-32,Penyelia Kemudahan
3122-33,Penyelia Penghantaran
3122-34,Pengawal Robot Industri
3122-35,Penyelia Jaminan Kualiti
3123,Penyelia Pembinaan
3123-01,Penyelia Operasi
3123-02,Penyelia Projek
3123-03,Penyelia Pembinaan
3123-04,Penyelia Tapak
3123-05,Penyelaras Tapak
3123-06,Orang Yang Kompeten (OYK) - Penyelia Keselamatan Tapak Bina
3123-07,Penyelia Turap Jalan
3123-08,Penyelia Landskap
3123-09,Penyelia Penggerudian
3123-10,Penyelia Persekitaran
3123-11,"Penyelia, Pembinaan Bangunan"
3123-12,"Penyelia, Operasi Bangunan"
3129,Penyelia Lain Yang Tidak Dikelaskan Di Mana-Mana
3129-01,Penyelia Pembersihan
3131,Operator Loji Penjana Kuasa
3131-01,Penghantar Muatan Tenaga Elektrik
3131-02,Operator Papan Suis Elektrik
3131-03,Operator Stesen Hidroelektrik
3131-04,Operator Loji Penjanaan Kuasa
3131-05,"Operator Turbin, Stesen Kuasa"
3131-06,Pengendali Loji Tenaga Elektrik
3131-08,Operator Loji Tenaga Hidroelektrik
3131-09,Operator Loji Kuasa Nuklear
3131-10,Operator Loji Tenaga Solar
3131-11,Operator Kawalan Pengagihan
3131-12,Operator Station Penjana
3131-13,Operator Sistem Tenaga
3131-14,Operator Loji Penjanaan Tenaga Biomas (Penyediaan Bahan Api)
3131-15,Penyelia Loji Penjanaan Tenaga Biomas (Bahan Binaan Mentah)
3131-16,Juruteknik Sel Solar
3131-17,Operator Reaktor Kuasa Nuklear
3131-18,Juruteknik Bahan Api Biologi
3131-19,Penyelia Bahan Api Biologi
3131-20,Operator Loji Bahan Api Biologi
3131-21,"Operator, Panel Kawalan: Reaktor Nuklear"
3131-22,"Penghantar, Beban: Elektrik (Power Station)"
3131-23,"Operator, Panel Kawalan: Kuasa (Pengeluaran)"
3131-24,"Operator, Penjana: Tenaga Elektrik"
3131-25,"Operator, Loji Tenaga Geo-Thermal"
3131-26,"Operator, Loji Gas Asli: Penjanaan Tenaga Elektrik"
3131-27,"Operator, Loji Kuasa Nuklear"
3131-28,"Operator, Penyukat: Aliran Elektrik"
3131-29,"Operator, Loji Tenaga Wap"
3131-30,"Operator, Papan Kuasa: Stesen Kuasa Elektrik"
3131-31,"Operator, Papan Kuasa: Penjana Stesen Kuasa"
3131-32,"Operator, Loji Kuasa Tidal"
3131-33,"Operator, Turbin: Penjanaan Elektrik"
3131-34,"Operator, Loji Tenaga Angin: Penjanaan Kuasa Elektrik"
3131-35,Juruteknik H2S (Hydrogen Sulfide) (Operasi)
3132,Operator Loji Insinerator Dan Perawatan Air
3132-01,Operator Enjin Pegun
3132-02,Operator Pemampat
3132-03,Operator Pemampat Gas
3132-04,Operator Loji Insinerator
3132-05,Operator Stesen Pengepaman
3132-06,Operator Alat Pemanasan dan Pengalihudaraan
3132-07,Operator Sistem Penyejukan
3132-08,Operator Loji Kumbahan
3132-10,Operator Sisa Ais
3132-11,Operator Corong Tuang
3132-12,Operator Insenarator
3132-13,Operator Proses Sisa Cecair
3132-14,Operator Sisa Air
3132-16,Merinyu Tali Air Gred J19
3132-17,Penyelia Loji Insinerator
3132-18,"Operator, Relau: Pelupusan Sampah"
3132-19,"Operator, Panel Kawalan: Insinerator"
3132-20,"Operator, Panel Kawalan: Rawatan Air"
3132-21,"Operator, Penapis: Air"
3132-22,"Operator, Pembersihan Loji: Air"
3132-23,"Pembekal, Loji Pembersihan Air"
3133,Pengawal Loji Pemprosesan Kimia
3133-01,Juruteknik Proses Kimia
3133-02,Penyelia Loji Kimia
3133-04,Operator Penapisan Kimia dan Pengasingan Peralatan
3133-05,Pengendali Kimia-Pegun dan Reaktor
3134,Operator Loji Penapisan Petroleum Dan Gas Asli
3134-01,Operator Pam Penapisan Petroleum
3134-02,Operator Penyuling Penapisan Petroleum
3134-03,Pengawal Penapisan Petroleum
3134-04,Operator Penyahsulfur Penapisan Petroleum
3134-05,Operator Loji Asetilena
3134-06,Operator Loji Gas
3134-07,Operator Loji Klorin
3134-08,Operator Loji Oksigen
3134-09,Operator Loji Parafin
3134-10,Pengadun Penapisan Petroleum
3134-11,Operator Pengolahan Penapisan Petroleum dan Gas Asli
3134-12,Operator Stesen Pengepam Petroleum dan Gas Asli
3134-13,Operator Loji Pencairan Gas
3134-14,Pengisi dan Penguji Silinder (Gas Termampat dan Gas Cecair)
3134-15,Operator Blender/petroleum and Natural Gas Refining (ethyl)
3134-16,Operator Still/petroleum and Natural Gas Refining
3134-17,Juruteknik Proses Penapisan
3134-18,Operator Proses Petroleum
3134-19,Penyelia Pengendali Dandang
3134-20,Operator Tapak Loji
3134-21,Operator Tapak Pelupusan Telaga Gas
3134-22,Penyelia Kawalan Operasi Gas Tapak Pelupusan
3134-23,Penyelia Loji Anaerobic Digester Biogas
3134-24,Operator Pam
3134-25,Operator Penyuling
3134-26,Pengawal Penapisan Am
3134-27,Operator Slickline
3135,Pengawal Proses Pengeluaran Logam
3135-01,Pengawal Mesin Penggelek Logam
3135-02,"Pengeset, Logam"
3135-03,Operator Kawalan Proses Logam
3135-04,Operator Relau Letupan
3135-05,Caster Kawalan Pusat
3135-06,Pengendali Kawalan Kilang Guling
3139,Juruteknik Kawalan Proses Yang Tidak Dikelaskan Di Mana-Mana
3141,Juruteknik Sains Hayat (Tidak Termasuk Perubatan)
3141-01,Juruteknik Biologi
3141-02,Juruteknik Entomologi
3141-03,Juruteknik Tisu Kultur
3141-04,Juruteknik Botani
3141-05,Pembantu Botani
3141-06,Pembantu Makmal Penyelidikan Botani
3141-07,"Juruteknik, Pembiakbakaan Buatan"
3141-08,Pembantu Makmal Penyelidikan Pembiakbakaan Buatan
3141-09,Juruteknik Zoologi
3141-10,Pembantu Makmal Penyelidikan Zoologi
3141-11,Taksidermis
3141-12,Pembantu Penyelidik (Sains)
3141-13,Juruteknik Bakteriologi
3141-14,Juruteknik Biokimia
3141-15,Juruteknik Herbarium
3141-16,Juruteknik Farmakologi
3141-17,Juruteknik Serologi
3141-18,Pembantu Entomologi
3142,Juruteknik Pertanian Dan Penternakan
3142-01,Juruteknik Agronomi
3142-02,Juruteknik Penyelidikan Tanaman
3142-03,Juruteknik Sains Tanah
3142-04,Juruteknik Florikultur
3142-05,Juruteknik Hortikultur
3142-06,Juruteknik Olerikultur
3142-07,Juruteknik Pomologi
3142-08,Juruteknik Tapak Semaian
3142-09,Pengawal Pegairan
3142-10,Juruteknik Tenusu
3142-11,Pegawai Teknikal Ladang Tanaman
3142-12,Penguji Ternakan
3142-13,Pegawai Teknikal Hortikultur
3142-14,Pegawai Teknikal Ternakan
3142-15,Pembantu Pertanian
3142-16,Penolong Pegawai Pertanian Gred G29
3142-17,Penolong Pegawai Rancangan Tanah Gred G29
3142-18,Penyelia Pengeluaran Ternakan Halal
3142-19,Penolong Pengurus Taman/Ladang Gred G29
3142-20,Pembantu Taman/Ladang Gred G19
3142-21,Penyelia Rancangan Tanah Gred G19
3143,Juruteknik Perhutanan
3143-01,Juruteknik Arborikultur
3143-02,Juruteknik Perhutanan
3143-03,Juruteknik Silvikultur
3143-04,Penolong Pemelihara Hutan Gred G29
3143-05,Penolong Pegawai Hidupan Liar Gred G29
3143-06,Pembantu Hidupan Liar Gred G19
3144,Juruteknik Perikanan
3144-01,Juruteknik Penetasan
3144-02,Penyelia Penetasan
3144-03,Juruteknik Perikanan
3144-04,Pembantu Penetasan
3144-05,Juruteknik Akuakultur
3144-06,Pembantu Perikanan
3144-07,Penolong Pegawai Perikanan Gred G29
3144-08,Pembantu Perikanan Gred G19
3144-09,Penyelia Tapak Akuakultur
3151,Juruteknik Pesawat Udara
3151-01,Juruteknik Keselamatan Trafik Udara
3151-02,Juruteknik Pesawat
3151-03,Juruteknik Penyelenggaraan Penerbangan
3151-04,Juruteknik Perkhidmatan Pesawat
3151-05,Juruteknik Penyelenggaraan Pesawat (Kerangka Pesawat Udara)
3151-06,Juruteknik Penyelenggaraan Pesawat (Enjin)
3151-07,Pemulih Pesawat
3151-08,Juruteknik Loji Kuasa dan Kerangka Pesawat Udara
3151-09,Juruteknik Kerangka Pesawat Udara
3151-10,Juruteknik Helikopter
3151-11,Juruteknik Enjin Jet
3151-12,Juruteknik Sistem Pneudraulic (Pesawat)
3151-13,Juruteknik Loji Kuasa (Pesawat)
3151-14,Juruteknik Komponen Enjin Roket
3151-15,Penolong Pemeriksa Kapal Terbang Gred A29
3151-16,Penolong Pegawai Kawalan Trafik Udara Gred A29
3151-17,"Penyedia Kerja, Teknikal (Pesawat)"
3151-18,"Penyelia Perancangan Dok, Pesawat"
3151-19,"Perancang Dok, Pesawat"
3151-20,"Perancang Bengkel, Pesawat"
3151-21,"Pengawal Bahan, Pesawat"
3151-22,Juruteknik Avionic
3152,Juruteknik Kapal/ Marin
3152-01,Pembantu Laut Gred A19
3152-02,Pengawal Tambatan
3152-03,Juragan Perahu Layar
3152-04,Penyelia Trafik Kapal Kargo
3152-05,Juruteknik Enjin Marin
3152-06,Juruteknik Kapal
3152-07,Penyelia Marin
3152-08,Penolong Pegawai Laut Gred A29
3153,Juruteknik Kereta Api/ Lokomotif
3153-01,Juruteknik Kereta api
3153-02,Penyelia Kereta api
3153-03,Penyelia Lokomotif
3153-04,Penyelia Transit Aliran Ringan
3153-05,Inspektor Kereta api
3153-06,Juruteknik Rangkaian Trek
3153-07,Juruteknik Isyarat dan Komunikasi
3153-08,Juruteknik Gerakan Rel Stok
3154,Juruteknik Kenderaan Bermotor
3154-01,Juruteknik Kenderaan
3154-02,Juruteknik Sistem Enjin dan Minyak Kenderaan Bermotor
3154-03,Juruteknik Mekatronik Kenderaan Bermotor
3154-04,Juruteknik Automotif Sistem Brek
3154-05,Juruteknik Bingkai Badan Kenderaan
3154-06,Juruteknik Kenderaan Bermotor
3154-07,Penolong Pereka Kenderaan Teknologi Hijau
3154-08,Juruteknik Kren
3154-09,Juruteknik Kejuruteraan Automotif
3159,Juruteknik Pengangkutan Yang Tidak Dikelaskan Di Mana-Mana
3159-01,Penyelia Pengangkutan Jalan
3159-02,Penyelia Logistik
3159-03,"Penyelia Pengangkutan, Operasi Logistik Halal"
3159-04,Penolong Fasilitator Infrastruktur Teknologi Hijau
3161,Profesional Bersekutu Penyelidikan Dan Pembangunan Nuklear
3161-01,Juruteknik Nuklear
3211,Juruteknik Kelengkapan Pengimejan Perubatan Dan Terapeutik
3211-01,Juru x-Ray Gred U29
3211-02,Juru x-Ray
3211-03,Juruteknik Radiologi
3211-04,Juru X-Ray Perubatan Diagnostik
3211-05,Mammografer
3212,Juruteknik Makmal Perubatan Dan Patologi
3212-01,Juruteknik Anatomi
3212-02,Juruteknik Bank Darah
3212-03,Juruteknik Biofizik
3212-04,Juruteknik Ekologi
3212-05,Juruteknik Genetik
3212-06,Juruteknik Hematologi
3212-07,Juruteknik Histologi
3212-08,Juruteknik Sitologi
3212-09,Juruteknik Fisiologi
3212-10,Juruteknik Patologi
3212-11,Juruteknik Sains Perubatan
3212-12,Pembantu Parasitologi
3212-13,Juruteknik Makmal Perubatan
3212-14,Juruteknik Pembedahan
3212-15,Juruteknologi Makmal Perubatan Gred U29
3212-16,Juruteknologi Makmal Perubatan
3213,Juruteknik Dan Pembantu Farmaseutikal
3213-01,Pembantu Farmaseutikal
3213-02,Pembantu Makmal Farmaseutikal
3213-03,Juruteknik Farmasi
3213-04,Pembantu Farmasi
3213-05,Penolong Pegawai Farmasi Gred U29
3214,Juruteknik Perubatan Dan Prostetik Pergigian
3214-01,Juruteknik Pergigian
3214-04,Orthotist
3214-05,Juruteknologi Pergigian Gred U29
3215,Juruteknik Ortotik Dan Prostetik
3215-02,Juruteknik Prostetik
3215-03,Juruteknik Perubatan Gred U19
3221,Profesional Bersekutu Kejururawatan (Kecuali Pergigian)
3221-01,Jururawat Gred U29
3221-02,Pembantu Jururawat
3221-04,Jururawat Praktikal
3222,Profesional Bersekutu Perbidanan
3222-01,Bidan
3222-02,Pembantu Bidan
3231,Profesional Bersekutu Perubatan Tradisional Dan Komplementari
3231-01,Pengamal Perubatan Tradisonal Melayu
3231-02,Pengamal Perubatan Tradisional Cina
3231-03,Pengamal Perubatan Tradisional India
3231-04,Pendispens Ubat Tradisional Cina
3231-05,Bomoh
3231-06,Juruterapi Bekam
3231-07,Bomoh Tulang
3231-08,Ahli Herba
3231-09,Ahli Refleksologi
3231-10,Juruteknik Akupuntur
3231-11,Juruteknik Ayurvedik
3241,Juruteknik Dan Pembantu Veterinar
3241-01,Pembantu Veterinar Gred G19
3241-02,Juruteknik Veterinar
3241-03,Juruteknik Penyelidikan Biotek Veterinar
3241-06,Pembantu Veterinar Permanian Beradas
3241-07,Veterinar Permanian Beradas
3241-08,Juruteknik Pengeluaran Biotek Veterinar
3241-09,Jururawat Veterinar
3241-10,Penolong Pegawai Veterinar Gred G29
3241-11,Ahli Terapi Haiwan
3251,Pembantu Pergigian Dan Ahli Terapi
3251-01,Pembantu Pembedahan Pergigian Gred U19
3251-02,Jururawat Kesihatan Pergigian
3251-05,Penolong Pergigian
3251-06,Jurupembersihan Pergigian
3251-07,Juruterapi Pergigian Gred U29
3252,Juruteknik Rekod Perubatan Dan Maklumat Kesihatan
3252-02,Pengkod Klinikal
3252-06,Kerani Rekod Perubatan
3253,Pekerja Kesihatan Masyarakat
3253-02,Promoter Kesihatan Masyarakat
3253-04,Pekerja Kesihatan Kampung
3253-05,Jururawat Masyarakat Gred U19
3254,Juruoptik Pendispensan
3254-01,Juruoptik
3254-02,Juruoptik Kanta Lekap
3255,Juruteknik Dan Pembantu Jurupulih Anggota
3255-01,Pembantu Jurupulih Anggota
3255-02,Juruelektroterapi
3255-04,Ahli Hydroterapi
3255-05,Juruterapi Urutan
3255-06,Juruteknik Jurupulih Anggota
3255-08,Juruterapi Shiatsu
3255-09,Jurupulih Perubatan Gred U29
3255-10,Penolong Pengurus Kes Gred 19
3255-11,Juruterapi Tekanan
3256,Pembantu Perubatan
3256-01,Pembantu Makmal Perubatan
3256-02,Penolong Hospital
3256-04,Pembantu Klinik
3256-05,Juruperalatan Radiograf
3256-07,Jurukelengkapan X-Ray
3256-08,Juruperalatan Elektrokardiograf
3256-09,Juruperalatan Elektroensefalograf
3256-10,Juruperalatan Pengimbasan
3256-11,Jurusonografi
3256-12,Juruultrasonografi
3256-13,Pengajar Klinikal
3256-14,Pembantu Ophthalmic
3256-15,Penolong Pegawai Perubatan Gred U29
3257,Pemeriksa Kesihatan Pekerjaan Dan Persekitaran Dan Bersekutu
3257-01,Pemeriksa Unit Kesihatan Awam
3257-04,Pemeriksa Restoran Kesihatan Awam
3257-05,Pemeriksa Kesihatan dan Keselamatan Pekerjaan
3257-09,Penyelia Kesihatan Pekerjaan
3257-10,Pemeriksa Kebersihan Pekerjaan
3257-11,Juruteknik Kebersihan Pekerjaan
3257-12,Pemeriksa Kualiti Produk
3257-13,Juruteknik Kesihatan dan Keselamatan
3257-15,Pemeriksa Keselamatan dan Kesihatan Perlindungan Pengguna
3257-17,Pemeriksa Sanitari
3257-19,Pemeriksa Keselamatan Kenderaan
3257-20,Pemeriksa Pusat Kecantikan
3257-28,Pemeriksa Sisa Berbahaya
3257-31,Pemeriksa Kebersihan Industri
3257-32,Pemeriksa Kawalan Sisa Industri
3257-33,Pemeriksa Jururawat Rumah
3257-35,Pemeriksa Air
3257-36,Pemeriksa Keselamatan Lombong
3257-37,Pemeriksa Lombong
3257-39,Pemantau Radiasi
3257-41,Pemeriksa Kawalan Tikus
3257-43,Pemeriksa Loji Sisa Rawatan Air
3257-44,Pemeriksa Sanitasi dan Keselamatan Makanan
3257-47,Penolong Pegawai Teknologi Makanan Gred C29
3257-48,Penolong Pegawai Kesihatan Persekitaran Gred U29
3257-49,Penolong Pegawai Kawalan Alam Sekitar Gred C29
3257-50,Pembantu Teknologi Air
3258,Pembantu Ambulans
3258-01,Pembantu Ambulans
3258-02,Pegawai Ambulans
3258-05,Juruteknik Kecemasan
3259,Profesional Bersekutu Kesihatan Yang Tidak Dikelaskan Di Mana-Mana
3259-01,Perunding Kesihatan
3259-02,Juruteknik Terapi Pernafasan
3259-03,Penolong Dietetik
3311,Perunding Dan Broker Sekuriti Dan Kewangan
3311-01,Broker Sekuriti
3311-02,Broker Stok dan Saham
3311-06,Perunding Matawang Asing
3311-07,Pedagang Forex
3311-09,Perunding Perbendaharaan
3311-10,Penganalisis Kewangan
3311-11,Pegawai Broker
3312,Pegawai Kredit Dan Pinjaman
3312-01,Pegawai Gadai Janji
3312-02,Pegawai Pinjaman
3312-03,Eksekutif Kawalan Kredit
3312-05,Eksekutif Tuntutan
3312-06,Pegawai Lejar Am
3312-07,Eksekutif Kos
3312-10,Pegawai Risiko Kredit
3312-11,Pakar Kawalan Kredit Pesanan Tunai (O2C)
3313,Profesional Bersekutu Perakaunan Dan Pengauditan
3313-02,Penyelia Akaun
3313-03,Penyelia Kewangan
3313-04,Penolong Akauntan Gred W29
3313-05,Penolong Juruaudit Gred W29
3313-06,Penolong Pegawai Eksekutif (Perakaunan) Gred 31
3313-07,Penolong Pegawai Eksekutif (Perakaunan) Gred 6
3313-08,Penolong Pegawai Eksekutif (Perakaunan) Gred L8
3313-09,Penolong Pegawai Eksekutif Perakaunan
3313-11,Penolong Pegawai Eksekutif (Pengauditan) Gred 31
3313-12,Penolong Pegawai Eksekutif (Pengauditan) Gred 6
3313-13,Penolong Pegawai Eksekutif Pengauditan
3313-14,Penolong Pegawai Eksekutif (Pengauditan) Gred L8
3313-15,Penolong Pegawai Eksekutif (Kewangan) Gred L8
3313-17,Juruteknik Perakaunan
3313-18,Juruteknik Audit Tenaga
3313-19,Pegawai Kerja Akaun Gred 19
3313-23,Penolong Pengawal Kewangan
3313-24,Agen Cukai
3314,"Profesional Bersekutu Perangkaan, Matematik, Dan Aktuari"
3314-01,Penolong Pegawai Perangkaan Gred E29
3315,Penilai Dan Pentaksir Kerugian
3315-01,Pentaksir
3315-02,Jurunilai
3315-03,Pentaksir Hasil
3315-04,Inspektor Tuntutan
3315-05,Pentaksir Tuntutan
3315-06,Pelaras Insurans
3315-07,Pentaksir Insurans
3315-08,Pentafsir Hartanah
3315-09,Penolong Pegawai Penilaian Gred W29
3321,Wakil Insurans
3321-02,Broker Insurans
3321-03,Penaja Jamin Insurans
3321-09,Pegawai Tuntutan
3322,Wakil Jualan Komersil
3322-01,Jurujual Komersil
3322-03,Pencari Langganan
3322-15,Wakil Jualan Gred P4
3322-16,Penolong Pegawai Pemasaran
3322-24,Penolong Pembangunan Perniagaan
3323,Pembeli
3323-01,Eksekutif Perancangan dan Pengagihan
3323-03,Pembeli
3323-15,Pakar Operasi Pembelian Untuk Membayar
3323-16,Penganalisis Sokongan Perolehan
3323-17,Eksekutif Pengumpulan
3323-18,Eksekutif Proses Pesanan
3324,Broker Perdagangan
3324-01,Broker Komoditi
3324-02,Broker Perkapalan
3324-03,Broker Perdagangan
3324-04,Peniaga Pemborong
3331,Ejen Pelepasan Dan Pengangkutan
3331-03,Ejen Perkapalan
3332,Ejen Persidangan Dan Acara
3332-01,Ejen Pameran dan Konvensyen
3332-03,Ejen Pelancongan
3332-05,Penganjur Persidangan dan Acara
3332-06,Perancang Perkahwinan
3332-08,Perancang Acara
3333,Ejen Dan Kontraktor Pekerjaan
3333-01,Ejen Pengambilan Pekerja
3334,Ejen Hartanah Dan Harta
3334-01,Ejen Hartanah
3334-03,Peniaga Harta
3334-07,Perunding Penyelesaian Konflik
3339,Ejen Perkhidmatan Perniagaan Yang Tidak Dikelaskan Di Mana-Mana
3339-01,Jurulelong
3339-06,Penganjur Sukan
3341,Profesional Bersekutu Pentadbiran
3341-02,Penyelia Kemasukan Data
3341-05,Penyelia Pentadbiran
3341-12,Penolong Pegawai Ehwal Ekonomi Gred E29
3341-13,Penolong Pegawai Penerangan Gred S29
3341-14,Penolong Perancang Bahasa Gred S29
3341-15,Penolong Pegawai Tadbir Gred N29
3341-16,Penolong Pegawai Penerbitan Gred N29
3341-17,Penolong Pengurus Asrama Gred N29
3341-18,Penolong Pegawai Eksekutif (Pentadbiran) Gred L8
3341-20,Penolong Pegawai Eksekutif (Pentadbiran) Gred 31
3341-21,Penolong Pegawai Eksekutif (Ekonomi) Gred 6
3341-22,Pelatih Hal Ehwal Korporat
3341-25,Pegawai Eksekutif Gred 19
3342,Setiausaha Perundangan
3342-01,Setiausaha Perundangan
3343,Setiausaha Pentadbiran Dan Eksekutif
3343-01,Penolong Pegawai Eksekutif (Kesetiausahaan) Gred 31
3343-02,Penolong Pegawai Eksekutif (Kesetiausahaan) Gred 6
3343-03,Penolong Pegawai Eksekutif (Kesetiausahaan) Gred L8
3343-04,Pembantu Peribadi
3343-05,Pembantu Eksekutif Pentadbiran
3343-06,Setiausaha Eksekutif Pentadbiran Kerajaan
3343-07,Setiausaha Syarikat (sektor awam)
3343-08,Jurulapor Verbatim
3343-09,Ketua Setiausaha Pejabat
3343-10,Setiausaha Eksekutif
3343-11,Setiausaha Eksekutif Jawatankuasa
3343-12,Setiausaha Eksekutif Pentadbiran Bukan Kerajaan
3343-13,Setiausaha Eksekutif Pentadbiran
3343-15,Pegawai Konsul
3343-16,Penolong Pegawai Eksekutif Kesetiausahaan
3343-17,Setiausaha Pentadbiran
3343-18,Pembantu Surat-Menyurat
3344,Setiausaha Perubatan
3344-01,Setiausaha Perubatan
3344-02,"Pembantu Perubatan, Pentadbiran"
3344-03,Setiausaha Wad Hospital
3344-04,Setiausaha Penjagaan Pesakit
3344-05,Stenografer Perubatan
3344-06,Pembantu Insurans Perubatan
3344-07,Setiausaha Bil Perubatan
3344-08,Setiausaha Patologi
3344-09,Ahli Transkripsi Perubatan
3411,Profesional Bersekutu Perundangan Dan Yang Berkaitan
3411-01,Bailif
3411-02,Pembantu Perundangan
3411-03,Kerani Pemindahhakkan
3411-04,Pembantu Peguam
3411-05,Kerani Undang-undang
3411-06,Kerani Hakim
3411-07,Kerani Mahkamah
3411-08,Kerani Litigasi
3411-09,Pembantu Barister
3411-10,Pembantu Peguamcara
3411-11,Penolong Pegawai Undang-undang Gred L29
3411-12,Penolong Pegawai Eksekutif (Undang-undang) Gred 31
3411-13,Penolong Pegawai Eksekutif (Perundangan) Gred 6
3411-14,Penolong Pegawai Eksekutif (Perundangan) Gred L8
3411-15,Penolong Perundangan
3411-16,Penolong Pegawai Eksekutif Perundangan
3411-17,Penolong Pegawai Syariah Gred LS29
3511,Juruteknik Operasi Teknologi Maklumat Dan Komunikasi
3511-01,Juruteknik Komputer Gred FT19
3511-02,Pembantu Tadbir (Operator Komputer) Gred 21
3511-03,Pembantu Tadbir (Juruteknik Komputer) Gred 21
3511-04,Pembantu Eksekutif (Teknologi Maklumat) Gred 3
3511-05,Juruteknik Komputer
3511-06,Jurukelengkapan Jitu Komputer
3511-08,Jurukelengkapan Jitu Komputer Pencetak Kelajuan Tinggi
3511-09,Jurupemprosesan Data Elektronik (EDP)
3511-10,Pembantu Kejuruteraan Komputer
3511-11,Penolong Penyelia Pemprosesan Data Elektronik (EDP)
3511-12,Penyelia Pemprosesan Data Elektronik
3511-13,Juruteknik Semikonduktor
3511-14,Juruteknik Sistem Maklumat
3511-15,Pembantu Teknologi Maklumat
3511-16,Pengendali Konsol Komputer
3511-19,Pengendali Pencetak Komputer Berkelajuan Tinggi
3511-20,Operator Peralatan Periferal Komputer
3511-21,Juruteknik Perkakasan
3511-22,Pembantu Tadbir Juruteknik Komputer
3511-23,Pembantu Kejuruteraan Telekomunikasi
3511-24,Penyelia Sistem Maklumat Pengurusan
3511-25,Penolong Pegawai Teknologi Maklumat Gred FA29
3511-26,Penolong Pegawai Eksekutif (Teknologi Maklumat) Gred 31
3511-27,Penolong Pegawai Eksekutif (Teknologi Maklumat) Gred 6
3511-28,Penolong Pegawai Eksekutif (Teknologi Maklumat) Gred L8
3511-29,Penolong Pegawai Teknologi Maklumat
3511-30,Penolong Eksekutif Sistem Komputer
3511-31,Juruteknik Perkhidmatan (Pencetak Pelbagai Fungsi)
3511-34,Pengatur Program Komputer Gred 19
3511-35,Penolong Jurutera PLC (Pengawal Logik Boleh Diprogram)
3512,Juruteknik Sokongan Pengguna Teknologi Maklumat Dan Komunikasi
3512-01,Juruteknik Meja Bantu Komputer
3512-02,Juruteknik Sokongan Komputer Peribadi
3512-03,Juruteknik Teknologi Maklumat
3512-04,Operator Meja Bantu Komputer
3512-05,Pembantu Kejuruteraan Komputer dan Komunikasi
3512-06,Pembantu Komputer
3512-07,Pembantu Komunikasi (ICT)
3512-08,Pembantu Pangkalan Data
3512-09,Pembantu Pengaturcaraan Komputer
3512-10,Pembantu Perkhidmatan Komputer Pengguna
3512-11,Pegawai Meja Bantu Pelanggan
3512-12,Pengajar Pusat Panggilan
3512-13,Penyelia Pusat Data
3512-14,Pembantu Pusat Data
3512-15,Juruteknik Sokongan Teknikal
3512-16,Operator Wayarles Gred N19
3512-18,Juruteknik Sokongan Perisian Perakaunan
3512-19,Juruteknik Analisis Kegagalan
3513,Juruteknik Rangkaian Dan Sistem Komputer
3513-01,Juruteknik Rangkaian Komputer
3513-02,Juruteknik Rangkaian Sokongan
3513-03,Juruteknik Keselamatan Rangkaian (ICT)
3513-04,Juruteknik Keselamatan Sistem & Aplikasi ICT
3513-05,Penolong Jurutera Rangkaian
3513-06,Penolong Pegawai Keselamatan Sistem
3514,Juruteknik Web
3514-01,Juruteknik Laman Web
3514-02,Juruteknik Web
3514-03,Juruanimasi Multimedia
3514-04,Penolong Pereka Grafik
3514-05,Juruteknik Seni dan Reka Bentuk
3514-06,Penolong Kreatif
3521,Juruteknik Penyiaran Dan Audiovisual
3521-01,Juruaudio Visual Gred N19
3521-02,Juruwayang Gambar
3521-03,Operator Audio Visual
3521-04,Pembantu Produksi (Media)
3521-05,Pembantu Wayang Gambar
3521-06,Juruteknik Kesan Bunyi
3521-07,Pengadun Alih Suara
3521-08,Pengadun Bunyi
3521-09,Penyunting Bunyi
3521-10,Jurutayang Pawagam
3521-11,Pegawai Radio Kapal
3521-12,Juruteknik Penyiaran
3521-13,Juruteknik Peralatan Audio dan Video
3521-14,Juruperalatan Penyiaran
3521-15,Juruperalatan Penyiaran Radio dan Televisyen
3521-16,Juruperalatan Radio Pangkalan Darat
3521-17,Juruperalatan Radio Penerbangan
3521-18,Juruperalatan Telekomunikasi
3521-19,Juruperalatan Transmisi Radio dan Televisyen
3521-20,Operator Peralatan Penyiaran
3521-21,Jurukamera (Motion Picture)
3521-22,Jurukamera (Video)
3521-23,Juruvideografi
3521-24,Penolong Jurutera Telekomunikasi
3521-25,Penolong Editor
3522,Juruteknik Kejuruteraan Telekomunikasi
3522-01,Juruteknik Kejuruteraan Aeroangkasa (Telekomunikasi)
3522-02,Juruteknik Kejuruteraan Telekomunikasi
3522-03,Juruteknik Komunikasi
3522-04,Juruteknik Telekomunikasi
3611,Profesional Bersekutu Kerja Sosial
3611-01,Pekerja Sosial
3611-02,"Pekerja Sosial, Kerja Berkumpulan"
3611-03,"Pegawai Kebajikan, Industri"
3611-04,"Pegawai Kebajikan, Perunding Cara"
3611-05,"Pegawai Parol, Profesional Bersekutu"
3611-06,"Pegawai Perunding Cara, Profesional Bersekutu"
3611-07,Pegawai Perancang Keluarga
3611-08,Pekerja Kebajikan Sosial
3611-09,"Pekerja Kebajikan Sosial, Kerja Kes"
3611-10,"Pekerja Sosial, Kebajikan Kanak-Kanak"
3611-11,"Pekerja Sosial, Masalah Remaja"
3611-12,"Pekerja Sosial, Masyarakat"
3611-13,"Pekerja Sosial, Perubatan"
3611-14,"Pekerja Sosial, Psikiatri"
3611-15,Penganjur Kebajikan
3611-16,Pembantu Kaunselor
3611-17,Pekerja Pembangunan Masyarakat
3611-18,Pekerja Perkhidmatan Masyarakat
3611-19,Pegawai Perkhidmatan Hilang Upaya
3611-20,Pekerja Perkhidmatan Keluarga
3611-21,Pengajar Kemahiran Hidup
3611-22,Pekerja Kesihatan Mental
3611-23,Pekerja Sokongan Kebajikan
3611-24,Penyelia Perlindungan Wanita
3611-25,Pekerja Belia
3611-26,Penolong Pegawai Penyelidik Sosial Gred N29
3611-27,Penolong Pegawai Pembangunan Masyarakat Gred S29
3611-28,Penolong Pegawai Psikologi Gred S29
3611-29,Penolong Pegawai Antidadah Gred S29
3611-30,Penolong Pegawai Eksekutif (Psikologi) Gred 31
3611-31,Pemaju Masyarakat Pendidikan Kemahiran Jahitan
3611-32,Pemaju Masyarakat Pendidikan Kemahiran Masakan
3612,Profesional Bersekutu Keagamaan
3612-01,Sami
3612-02,Biarawan
3612-03,Pendakwah
3612-04,Bilal
3612-05,Penyembuh Rohani
3612-06,Penolong Pegawai Hal Ehwal Islam Gred S29
3612-07,Mutawif/Mutawifah
3621,Atlet Dan Ahli Sukan
3621-01,Ahli Sukan
3621-02,Atlet
3621-03,Peninju
3621-04,Pemain Bola Sepak
3621-05,Pemain Hoki
3621-06,Pemain Tenis
3621-07,Ahli Gusti
3621-08,Pemain Catur
3621-09,Pemain Golf
3621-10,Penungggang Kuda Lumba
3621-11,Pemandu Perlumbaan
3621-12,Pemain E-Sukan
3622,"Jurulatih, Pengajar, Dan Pegawai Sukan"
3622-01,Penolong Pegawai Belia dan Sukan Gred S29
3622-02,Pegawai Sukan
3622-03,Pengadil
3622-04,Jurulatih Sukan
3622-05,Jurulatih Senamrobik
3622-06,Jurulatih Judo
3622-07,Jurulatih Karate
3622-08,Jurulatih Silat
3622-09,Jurulatih Taekwando
3622-10,Jurulatih Tenis
3622-11,Jurulatih Tai-Chi
3622-12,Jurulatih Yoga
3622-13,Jurulatih Renang
3622-14,"Jurulatih, Pengajar dan Pegawai Sukan Lain (Dalaman)"
3622-15,"Jurulatih, Pengajar dan Pegawai Sukan Lain (Luaran)"
3622-16,Pengajar Sukan
3622-17,Pengajar dan Penyelaras Latihan Berkumpulan
3622-18,Penjaga Garisan
3622-19,Pengajar Renang
3622-20,Jurulatih Am
3622-21,Pengajar Am
3622-22,Penolong Pegawai Kesatria Gred S29
3623,"Ketua Program, Dan Pengajar Kecergasan Dan Rekreasi"
3623-01,Pengajar Kecergasan Fizikal
3623-02,Pengajar Biliard
3623-03,Pengajar Catur
3623-04,Pengajar Pelayaran
3623-05,Pengajar Tunggang Kuda
3623-06,Pemandu Aktiviti Lasak
3623-07,Penyelia Rumah Kelab
3623-08,Pelatih Persendirian
3623-09,Pengajar Aerobik
3623-10,Pengajar Penyelam
3623-11,Pengajar Kecergasan
3623-12,Ketua Selam
3623-13,Pelatih Profesional
3623-14,Koordinator Program (Sukan)
3631,Jurugambar
3631-01,Pembantu Tadbir (Ahli Fotografi) Gred 21
3631-02,Jurugambar
3631-03,Jurugambar Ilustrasi Komersil
3631-04,Jurugambar Akhbar
3631-05,Jurugambar Berita
3631-06,Wartawan Gambar
3631-07,Jurugambar Udara
3631-08,Mikrofotografer
3631-09,Jurugambar Mikrofotografi
3631-11,Jurugambar Saintifik
3631-12,Jurugambar Komersil
3631-13,Jurugambar Industri
3631-14,Jurugambar Potret
3631-15,Jurufotografi Gred B19
3631-16,Jurufotografi Gred B29
3631-17,Jurufotografi Gred B21
3631-18,Jurufotografi Gred B25
3631-19,Jurufotografi Gred B31
3631-20,Jurufotografi Gred B37
3631-21,Jurufotografi Gred B39
3632,Pereka Bentuk Dan Juruhias Dalaman
3632-01,Pereka Gred B19
3632-02,Pereka Hiasan Dalaman
3632-03,Pereka Perabot
3632-04,Pereka Poster
3632-05,Penerbitan Desktop Artis
3632-06,Ilustrator Buku
3632-07,Ilustrator Pengiklanan
3632-08,Artis Pameran
3632-09,Juruhias Pameran
3632-10,Pereka Hiasan Visual
3632-11,Pereka Lambang
3632-12,Pereka Pameran
3632-13,Pereka Pameran Jendela Pamer
3632-14,Pereka Pemandangan
3632-15,Pereka Pertunjukan
3632-16,Juruhias Dalaman
3632-17,Pereka Kerja Logam Perhiasan
3632-18,Juruhias Set Wayang Gambar
3632-19,Pereka Set Teater
3632-20,Penggubah Bunga
3632-21,Juruteknik Ukiran
3632-22,Pereka Set
3632-23,Window Dresser
3632-24,Pereka Gred B21
3632-25,Pereka Gred B25
3632-26,Pereka Gred B29
3632-27,Pereka Gred B31
3632-28,Pereka Gred B37
3632-29,Eksekutif Fit Out
3633,"Profesional Bersekutu Galeri, Muzium, Dan Perpustakaan"
3633-01,Pembantu Arkib Gred S19
3633-02,Pembantu Pemuliharaan Gred S19
3633-03,Pembantu Muzium Gred S19
3633-04,Juruteknik Galeri
3633-05,Juruteknik Perpustakaan
3633-06,Juruteknik Muzium
3633-07,Penolong Pegawai Arkib Gred S29
3633-08,Penolong Kurator Gred S29
3633-09,Penolong Pustakawan Gred S29
3633-10,Penolong Pegawai Eksekutif (Perpustakaan) Gred 6
3633-11,Penolong Eksekutif Perpustakaan
3633-12,Penolong Pegawai Eksekutif Perpustakaan
3633-13,Penolong Pegawai Eksekutif (Perpustakaan) Gred 31
3633-14,Pemaju Masyarakat Pusat Sumber Gred S19
3634,Profesional Bersekutu Kebudayaan Dan Kesenian
3634-01,Ahli Muzik Gred B19
3634-02,Artis Budaya Gred B19
3634-03,Ahli Muzik Gred B29
3634-04,Artis Budaya B29
3634-05,Pegawai Kebudayaan Gred B19
3634-06,Pegawai Kebudayaan Gred B29
3634-07,Penerbit Rancangan Gred B19
3634-08,Juruteknik Kesan Khas
3634-09,Juruteknik Pencahayaan
3634-10,Penyelaras Program (Penyiaran)
3634-11,Pembantu Ingat
3634-12,Penyelia Harta (Penyiaran)
3634-13,Tukang Skrip
3634-14,Juruteknik Pentas
3634-15,Penyelaras Stunt
3634-16,Pelakon Aksi
3634-17,Juruteknik Teater
3634-18,Penerbit Rancangan Gred B21
3634-19,Penerbit Rancangan Gred B25
3634-20,Penerbit Rancangan Gred B29
3634-21,Penerbit Rancangan Gred B31
3634-22,Penerbit Rancangan Gred B37
3634-23,Ahli Muzik Gred B21
3634-24,Ahli Muzik Gred B25
3634-25,Ahli Muzik Gred B31
3634-26,Ahli Muzik Gred B37
3634-27,Pegawai Kebudayaan Gred B21
3634-28,Pegawai Kebudayaan Gred B25
3634-29,Pegawai Kebudayaan Gred B31
3634-30,Pegawai Kebudayaan Gred B37
3634-31,Artis Budaya B21
3634-32,Artis Budaya B25
3634-33,Artis Budaya B31
3634-34,Artis Budaya B37
3634-35,Artis Budaya B39
3634-36,Tukang Karut (Dikir Barat)
3634-37,Penyelaras Program
3634-38,Penolong Pengeluar
3639,Profesional Bersekutu Kesenian Dan Kebudayaan Yang Tidak Dikelaskan Di Mana- Mana
3641,Jurumasak
3641-01,Sous Chef
3641-02,Chef De Partie
3641-03,Jurumasak Kanan
3641-04,Chef
3641-05,Jurumasak Panggang
3641-06,Jurumasak Dim Sum
3641-07,Jurumasak Masakan Melayu
3641-08,Jurumasak Pastri
3641-09,Penyedia Hidangan
3641-10,Penyelaras Dapur
3641-11,Saucier
3641-12,Penolong Jurumasak
3641-13,Penolong Jurumasak Dim Sum
3641-14,Penolong Jurumasak Eksekutif
3641-15,Eksekutif Sous Chef
3641-16,Penolong Eksekutif Penyedia Makanan
3641-17,Penolong Pegawai Penyediaan Makanan Gred C29
3711,Profesional Bersekutu Inspektor Kastam Dan Sempadan
3711-01,Inspektor Kastam
3711-02,Inspektor Kastam dan Sempadan
3711-03,Inspektor Sempadan
3711-04,Pegawai Pemeriksaan Pasport
3711-05,Penolong Penguasa Kastam Gred WK29
3711-06,Penolong Penguasa Imigresen KP29
3712,Profesional Bersekutu Pegawai Percukaian Dan Eksais
3712-01,Penolong Pegawai Eksekutif (Penaksiran) Gred 31
3712-02,Penolong Pegawai Eksekutif Penaksiran
3713,Profesional Bersekutu Pegawai Faedah Sosial Kerajaan
3713-01,Penolong Pegawai Tuntutan Keselamatan Sosial
3714,Profesional Bersekutu Pegawai Pelesenan Kerajaan
3714-01,Inspektor Pelesenan
3714-02,Penolong Pegawai Penguatkuasa Gred KP29
3714-03,Penolong Pegawai Eksekutif (Penguatkuasaan) Gred L8
3715,Pegawai Polis
3715-01,Inspektor Polis
3715-02,Detektif Polis
3715-03,Pegawai Polis
3715-04,Ejen Pertanyaan Polis
3715-05,Pegawai Patrol Polis
3715-06,Detektif Persendirian
3715-07,Penyiasat Persendirian
3716,Profesional Bersekutu Pertahanan Awam
3716-01,Inspektor Perkhidmatan Awam
3716-02,Inspektor Pentadbiran Kerajaan
3716-03,Pegawai RELA
3716-04,Askar Wataniah
3716-05,Penolong Pegawai Pertahanan Awam Gred KP29
3716-06,Penolong Pegawai Keselamatan Gred KP29
3716-07,Penolong Pegawai Eksekutif (Keselamatan) Gred 31
3719,Profesional Bersekutu Badan Pengawalaturan Yang Tidak Dikelaskan Di Mana-Mana
3719-01,Pegawai Lain-lain Pangkat Penguat Kuasa Maritim Gred T5
3719-02,Pegawai Pemeriksa Harga
3719-03,Inspektor Kebakaran dan Keselamatan
3719-04,Inspektor Timbang dan Sukat
3719-05,Pegawai Pemeriksa Gaji
3719-06,Pegawai Pusat Pengundian
3719-07,Inspektor Pertanian
3719-08,Inspektor Penternakan
3719-09,Inspektor Hutan
3719-10,Algojo
3719-11,Penolong Penguasa Bomba Gred KB29
3719-12,Penolong Penguasa Penjara Gred KA29
3719-13,Penolong Pegawai Siasatan Gred P29
3719-14,Penolong Pegawai Siasatan Gred P31
3719-15,Penolong Pegawai Siasatan Gred P37
3719-16,Penolong Pegawai Perhubungan Perusahaan Gred S29
3719-17,Penolong Pegawai Pendaftaran Gred KP29
4111,Kerani Am Pejabat
4111-01,Pembantu Tadbir (Perkeranian/Operasi) Gred N19
4111-02,Pembantu Pentadbir Tanah Gred NT19
4111-03,Pembantu Tadbir (Pereka) Gred 21
4111-04,Pembantu Tadbir (Perkeranian) Gred 21
4111-05,Pembantu Tadbir (Kejuruteraan) Gred 21
4111-06,Pembantu Eksekutif (Pentadbiran dan Sokongan) Gred 3
4111-07,Pembantu Eksekutif (Kejuruteraan) Gred 3
4111-08,Pembantu Eksekutif (Perkeranian) Gred L11
4111-10,Kerani Pejabat
4111-12,Kerani Perkhidmatan Bilik
4111-13,Kerani Sulit
4111-18,Pembantu Tadbir Am
4111-21,Kerani Pentadbiran Gred K1
4111-25,Pembantu Eksekutif (Ekonomi) Gred 3
4111-26,Pembantu Ehwal Ekonomi Gred E19
4111-27,Pegawai Kerani Gred 14
4111-28,Pembantu Penyelaras
4121,Setiausaha (Am)
4121-01,Setiausaha Pejabat Gred N29
4121-02,Pembantu Setiausaha Pejabat Gred N19
4121-03,Pembantu Tadbir (Kesetiausahaan) Gred 21
4121-04,Pembantu Eksekutif (Kesetiausahaan) Gred 3
4121-07,Setiausaha
4121-13,Setiausaha/Pembantu Setiausaha Gred 19
4131,Jurutaip
4131-01,Jurutaip
4131-02,Jurutrengkas
4131-04,Pembantu Am Jurutaip
4131-05,Pentranskripsi
4131-06,Pengesah Pengecaman Aksara Optik (OCR)
4132,Kerani Kemasukan Data
4132-01,Kerani Indeks
4132-02,Kerani Rekod
4132-03,Pembantu Am Sistem Maklumat (Operator Mesin Prosesan Data)
4132-04,Kerani Kemasukan Data Komputer
4132-05,Operator Kemasukan Data
4132-06,Kerani Kemasukan Bayaran
4132-07,Kerani Teknologi Maklumat
4132-08,Kerani Sistem Maklumat Pengurusan
4132-09,Kerani Kemasukan Data
4132-10,Kerani Sistem
4132-11,Pelabel Data dan Media
4211,Juruwang Bank Dan Kerani Yang Berkaitan
4211-01,Kerani Pos
4211-02,Juruwang Bank
4211-04,Pengurup Wang
4211-05,Kerani Deposit Selamat
4211-08,Kerani Kaunter Pejabat Pos
4212,"Penerima Taruhan, Krupier, Dan Pekerja Permainan Yang Berkaitan"
4212-01,Kerani Kaunter Pertaruhan
4212-02,Kerani Penerima Taruhan
4213,Broker Gadaian Dan Peminjam Wang
4213-01,Broker Gadaian
4213-02,Pemberi Pinjam Wang
4214,"Pemungut Hutang Dan Sewa, Dan Pekerja Yang Berkaitan"
4214-01,Pemungut Bayaran
4214-02,Pemungut Bil
4214-03,Pemungut Derma
4214-04,Pemungut Hutang
4214-05,Pemungut Sewa
4214-06,Kerani Sewa
4214-07,Kerani Sewa Kenderaan Berat
4214-08,Kerani Sewa Kereta
4221,Perunding Perjalanan Dan Kerani Yang Berkaitan
4221-01,Perunding Pelancongan
4221-03,Kerani Agensi Pelancongan
4221-06,Kerani Pengeluaran Tiket Perjalanan
4222,Kerani Pusat Penerangan Informasi
4222-01,Pembantu Penerangan Gred S19
4222-02,Kerani Janji Temu
4222-03,Penyelia Perkhidmatan Pelanggan
4222-04,Kerani Pusat Panggilan
4222-05,Pembantu Perkhidmatan Pelanggan
4222-06,Ejen Pusat Panggilan (Perkhidmatan Pelanggan)
4222-07,Kerani Pusat Perhubungan Informasi Pelanggan
4223,Operator Telefon
4223-01,Operator Perkhidmatan Telekomunikasi
4224,Penyambut Tetamu
4224-01,Penyambut Tetamu
4224-02,Penyambut Tetamu Perubatan
4224-04,Penyambut Tetamu Telefon
4224-10,Penyambut Tetamu Hotel
4224-12,Pembantu Tempahan
4224-13,Penyelia Tempahan
4224-14,Concierge
4224-15,"Ketua, Concierge"
4224-17,Pembantu Perkhidmatan Tetamu
4224-18,Ejen Tempahan
4225,Kerani Pertanyaan
4225-01,Pembantu Tadbir (Khidmat Pelanggan) Gred 21
4225-02,Pegawai Khidmat Pelanggan Gred N19
4225-03,Kerani Aduan Pelanggan
4225-05,Kerani Maklumat
4225-06,Pegawai Khidmat Pelanggan Gred 14
4226,Penemuduga Tinjauan Dan Penyelidikan Pasaran
4226-01,Penemuduga Penyelidikan Pasaran
4226-02,Penemuduga Tinjauan
4229,Pekerja Maklumat Pelanggan Yang Tidak Dikelaskan Di Mana-Mana
4229-01,Kerani Kemasukan Hospital
4229-03,Pakar Kelayakan
4311,Kerani Perakaunan Dan Simpan Kira
4311-01,Pembantu Tadbir (Perakaunan) Gred 21
4311-02,Pembantu Eksekutif (Perakaunan) Gred 3
4311-12,Kerani Lelong
4311-14,Kerani Audit
4311-15,Kerani Kawalan Kredit
4311-18,Kerani Bil
4311-19,Kerani Harta
4311-20,Kerani Kos
4311-22,Kerani Pengiraan Kos
4311-23,Kerani Tunai Pejabat
4311-24,Pembantu Kos
4311-25,Pembantu Akauntan Gred W19
4311-26,Pembantu Juruaudit Gred W19
4311-27,Pembantu Tadbir (Pengauditan) Gred 21
4311-28,Pembantu Eksekutif (Pengauditan) Gred 3
4311-29,Pembantu Kewangan
4311-31,Pembantu Tadbir Pengauditan
4311-32,Pembantu Juruteknik Audit Tenaga
4311-33,Penyimpan Akaun Gred 14
4311-34,Pembantu Pematuhan
4312,"Kerani Perangkaan, Kewangan, Dan Insurans"
4312-01,Pembantu Tadbir (Kewangan) Gred W19
4312-02,Pembantu Eksekutif (Kewangan) Gred 3
4312-03,Kerani Perangkaan
4312-04,Pembanci Data Sosial dan Ekonomi
4312-05,Pembanci Lapangan
4312-06,Pembanci Pendapat Umum
4312-07,Pembanci Penyelidikan Pasaran
4312-09,Kerani Tuntutan
4312-10,Pembantu Penyelia Insurans Penaja Jaminan
4312-12,Pembantu Penaja Jaminan Insurans
4312-13,Pembantu Polisi Insurans
4312-14,Pembantu Tuntutan Insurans
4312-15,Kerani Kewangan
4312-16,Kerani Aktuari
4312-17,Kerani Broker Saham
4312-18,Kerani Insurans
4312-19,Kerani Cukai
4312-20,Kerani Pelaburan
4312-21,Kerani Pelarasan
4312-22,Kerani Pembrokeran
4312-23,Kerani Pendaftaran Saham dan Stok
4312-24,Kerani Perkadaran
4312-25,Pembantu Broker
4312-26,Kerani Bon
4312-27,Kerani Cagaran
4312-28,Kerani Gadai Janji
4312-29,Kerani Rumah Penjelasan Perbankan
4312-30,Kerani Kewangan Gred K1
4312-31,Pembantu Perangkaan Gred E19
4312-33,Pembantu Aktuari
4312-34,Pembantu E-Dagang
4312-35,Pembantu Pajakan
4313,Kerani Gaji
4313-01,Kerani Gaji
4321,Kerani Stok
4321-01,Kerani Bahan Mentah
4321-03,Kerani Gudang
4321-04,Kerani Penerimaan
4321-06,Kerani Stor
4321-18,Kerani Kawalan Makanan dan Minuman
4321-22,Kerani Timbangan
4321-25,Kerani Pemeriksa Barang
4321-30,Kerani Angkut Barang
4321-36,Kerani Import-Eksport
4321-39,Penyelenggara Stor Gred K1
4321-40,Jurumovan Gred K1
4322,Kerani Pengeluaran
4322-01,Kerani Pengeluaran
4322-02,Kerani Kawalan Pengeluaran
4322-03,Kerani Operasi
4322-04,Kerani Ladang
4322-05,Kerani Kejuruteraan
4322-09,Kerani Pembelian Belian
4322-11,Kerani Perolehan
4322-12,Kerani Pengurusan Pesanan
4322-14,Kerani Penyelenggaraan
4322-17,Kerani Perancangan Bahan
4322-18,Kerani Pesanan Bahan
4322-20,Kerani Perkakas
4322-21,Kerani Perkhidmatan
4322-22,Kerani Tapak
4322-23,Kerani Loji Janakuasa
4322-24,Kerani Perancangan Pengeluaran
4322-25,Kerani Juruteknik
4322-26,Kerani Penyelenggara Kemudahan Prasarana
4322-28,Kerani Jaminan Kualiti
4322-29,Kerani Kawalan Kuantiti
4322-30,Kerani Jadual (Bahan)
4322-31,Pembantu Jaminan Mutu Gred K1
4322-32,Pembantu Jaminan Mutu
4323,Kerani Pengangkutan
4323-01,Kerani Logistik
4323-02,Kerani Pengangkutan
4323-05,"Kerani Kawalan, Perkhidmatan Kereta api"
4323-08,Penjaga Yard Kereta Api
4323-09,"Inspektor, Perkhidmatan Pengangkutan Jalan"
4323-10,Inspektor Perkhidmatan Bas
4323-11,"Kerani Kawalan, Perkhidmatan Pengangkutan Jalan"
4323-13,"Kerani Penghantaran, Pengangkutan Jalan"
4323-15,Kerani Operasi Pengangkutan Udara
4323-21,Jurudermaga
4323-23,Pegawai Feri
4323-24,Pengawal Apungan
4323-25,"Kerani Kawalan, Perkhidmatan Pengangkutan Laut"
4323-26,"Kerani Penghantaran, Bot"
4323-27,"Kerani Penghantaran, Saluran Paip Gas"
4323-28,"Kerani Penghantaran, Saluran Paip Minyak"
4323-29,Koordinator Perkapalan
4323-31,Inspektor Perkeranian Perkhidmatan Pengangkutan Kereta Api
4323-32,Kerani Pengangkutan Barangan Kereta Api
4323-33,Pegawai Tuntutan Kereta Api
4323-34,Pengawal Perkeranian Perkhidmatan Kereta Api
4323-35,Pembantu Logistik
4411,Kerani Perpustakaan
4411-01,Pembantu Tadbir (Perpustakaan) Gred 21
4411-02,Pembantu Eksekutif (Perpustakaan) Gred 3
4411-06,Pembantu Pustakawan Gred S19
4411-07,Pembantu Perpustakaan
4412,Kerani Pengedaran Dan Pengisihan Mel
4412-01,Posmen
4412-02,"Kerani, Mel Penghantaran"
4412-03,"Pembantu, Mel Penghantaran"
4412-04,Penghantar Proses
4412-05,Penghantar Saman
4412-06,Kerani Mel Pengasingan
4412-07,"Kerani Kawalan, Depot Mel"
4412-08,"Kerani Kawalan, Mel"
4412-09,"Kerani Kawalan, Perkhidmatan Pos"
4412-10,"Kerani, Mel"
4412-12,"Kerani, Senarai Mel"
4413,"Kerani Pengekodan, Pembacaan Pruf Dan Yang Berkaitan"
4413-01,Kerani Pembacaan Pruf
4413-03,Kerani Penerbitan
4413-04,Kerani Pengekodan
4413-05,Pembantu Penerbitan Gred N19
4414,Jurutulis Dan Pekerja Yang Berkaitan
4414-01,Penulis Petisyen
4414-02,Penulis Awam
4414-03,Jurutulis
4415,Kerani Pemfailan Dan Penyalinan
4415-01,Kerani Pemfailan
4415-09,"Pembantu Dokumen, Pengilangan Makanan Halal"
4415-10,"Kerani Dokumen, Operasi Logistik Halal"
4416,Kerani Personel
4416-01,Kerani Pekerjaan
4416-02,Kerani Hal Ehwal Am
4416-03,Kerani Personel
4416-05,Pembantu Personel
4416-06,Kerani Mesin Cetak Alamat
4416-07,Kerani Pendaftaran
4416-08,Kerani Pengelasan
4416-09,Kerani Probet
4416-10,Pembantu Sumber Manusia
4416-11,Pembantu Pembelajaran dan Pembangunan
4419,Pekerja Sokongan Perkeranian Lain Yang Tidak Dikelaskan Di Mana-Mana
4419-01,Pembantu Pakaian
4419-02,Kerani Keselamatan
4419-03,Pembantu Tadbir (Undang-Undang) Gred L19
4419-04,Pembantu Syariah Gred LS19
4419-05,Bentara Parlimen Gred N11
4419-06,Pembantu Operasi Gred N11
4419-07,Pembantu Hal Ehwal Islam Gred S19
4419-08,Pembantu Perhubungan Perusahaan Gred S19
4419-09,Pembantu Penilaian Gred W19
4419-10,Pembantu Pembangunan Masyarakat Gred S19
4419-11,Pembantu Penyelidik Sosial Gred N19
4419-12,Pembantu Antidadah Gred S19
4419-14,Pembantu Belia dan Sukan Gred S19
4419-15,Pembantu Tadbir (Penaksiran) Gred 21
4419-16,Pembantu Pegawai Cukai Penganggar
4419-17,Pembantu Pegawai Eksais
4419-20,Pembantu Operasi Gred 9
4419-21,Pembantu Operasi
5111,Atendan Perjalanan Dan Pelayan Perjalanan
5111-06,Pramugara/Pramugari
5111-09,Kru Penerbangan
5111-12,Kru Bas Bergerak Gred K3
5111-13,Kru Belon Udara Panas
5111-14,Penyedia Kerja Perjalanan
5112,Konduktor Pengangkutan
5112-02,Inspektor Tiket
5112-06,Pengawal Kereta api Penumpang
5112-07,Pengawal Landasan
5112-08,Konduktor Pengangkutan
5113,Pemandu Perjalanan
5113-01,Pemandu Pelancong
5113-06,Pengiring Lawatan
5121,Tukang Masak
5121-01,Tukang Masak
5121-02,"Tukang Masak, Perkhidmatan Hotel dan Katering"
5121-03,"Tukang Masak, Perkhidmatan Persendirian"
5121-04,"Tukang Masak, Pengetinan dan Pengawetan Makanan"
5121-05,Pembantu Barbekiu
5121-06,Pembantu Jurumasak
5121-07,Pembantu Tukang Masak
5121-08,Tukang Masak Kapal
5121-09,Tukang Masak Gred K1
5121-10,Pembantu Kulinari
5121-11,Pembantu Penyediaan Makanan Gred N19
5121-12,Ketua Tukang Masak
5131,Pelayan
5131-03,Pelayan Bankuet
5131-04,Penyelia Makanan dan Minuman
5131-05,Penyelia Outlet
5131-06,Penyelia Restoran
5131-08,"Pekerja Makanan dan Minuman, Perkhidmatan Bilik"
5131-10,Barista
5131-11,Pramusaji Gred K3
5132,Pelayan Bar
5132-01,Pelayan Bar
5132-02,Pembantu Pelayan Bar
5141,Pendandan Rambut
5141-02,Pendandan Rambut
5141-03,Tukang Gunting Rambut
5142,Jurusolek Dan Pekerja Yang Berkaitan
5142-01,Jurusolek Gred B19
5142-02,Jurusolek
5142-04,Jurukecantikan Tangan
5142-05,Jurukecantikan Kaki dan Kuku
5142-08,Juruterapi Kecantikan dan Kesihatan
5142-09,Juruterapi Spa
5142-10,Perunding Pelangsingan Badan
5142-11,Jurusolek Gred B21
5142-12,Jurusolek Gred B25
5142-13,Jurusolek Gred B27
5142-14,Konsultan Kecantikan
5151,"Penyelia Pencucian Dan Pengemasan Di Pejabat, Hotel Dan Pertubuhan Lain"
5151-01,Penyelia Bankuet Hotel dan Penginapan
5151-02,Penyelia Tingkat Hotel dan Penginapan
5151-03,Penyelia Pengemasan
5151-11,Pelayan Bilik
5152,Jurukemas Domestik
5152-02,Pelayan Besar
5152-05,Pembantu Linen
5152-06,Jurukemas
5153,Penjaga Bangunan
5153-01,Penyelia Asrama Gred N19
5153-02,Penjaga Bangunan
5153-06,Penjaga Gereja
5153-07,Siak/Noja
5153-09,Janitor
5153-10,Penyelia Kem
5153-11,Pembantu Tadbir Asrama
5153-12,Warden
5161,"Ahli Nujum, Tukang Tilik Dan Pekerja Yang Berkaitan"
5161-01,Ahli Nujum
5161-03,Tukang Tilik
5162,Pengiring Dan Pelayan
5162-01,Dang Pewara
5162-02,Juruiring
5163,Pekerja Pengebumian Dan Perapian Mayat
5163-01,Atendan Rumah Mayat
5163-02,Pekerja Urusan Pengebumian
5163-04,Kusangren (Peratap Upahan)
5163-06,Penggali Kubur
5164,Perapi Haiwan Peliharaan Dan Penjaga Haiwan
5164-01,Penjaga Haiwan
5164-02,"Penjaga Di Zoo, Taman Burung dan Akuatik"
5164-03,Penjaga Zoo
5164-04,Pekerja Veterinar
5165,Pengajar Pemanduan
5165-01,Pengajar Pemanduan
5169,Pekerja Perkhidmatan Peribadi Yang Tidak Dikelaskan Di Mana-Mana
5169-01,Penganjur Kelab
5169-02,Pegawai Perhubungan Pelanggan
5169-03,Kru Acara
5211,Jurujual Di Gerai Dan Pasar
5211-04,Jurujual Kaunter Promoter
5211-09,Vendor Gerai/Pasar
5211-13,Jurujual (Gerai/Promoter) Gred K2
5212,Jurujual Makanan Di Tepi Jalan
5212-01,Penjaja (Makanan)
5212-02,Penjual Makanan Tepi Jalan
5221,Penjaga Kedai
5221-01,Penjaga Kedai
5221-02,Pekedai Runcit
5221-03,Ejen Akhbar
5222,Penyelia Kedai
5222-01,Penyelia Kedai
5222-02,Penyelia Jualan
5222-03,Penyelia Pasar Raya
5222-04,Penyelia Pembayaran
5222-05,Penyelia (Gerai/Kiosk) Gred K1
5223,Pembantu Jualan Di Kedai
5223-01,Pembantu Jualan
5223-02,Pembantu Kedai
5223-08,Kerani Pentadbiran Jualan
5223-14,Pembantu Runcit
5231,Juruwang Dan Kerani Tiket
5231-01,Juruwang
5231-12,Kerani Pengeluaran Tiket (Kecuali Perjalanan)
5231-19,Juruwang Gred K2
5241,Model Fesyen Dan Model Lain
5241-01,Model Fesyen
5241-03,Model Artis
5242,Penunjuk Cara Jualan
5242-01,Penunjuk Cara
5242-02,Promoter Jualan
5242-03,Pedagang Jualan
5242-04,Pempengaruh Media Sosial
5243,Jurujual Pintu-Ke-Pintu
5243-01,Jurujual Jualan Langsung
5243-02,Jurujual Pintu-ke-Pintu
5244,Jurujual Pusat Perhubungan
5244-05,Telemarketer
5244-06,Jurujual Pusat Perhubungan
5245,Atendan Pam Dan Pusat Servis
5245-01,Atendan Stesen Petrol
5246,Atendan Kaunter Makanan
5246-01,Atendan Kaunter Makanan
5249,Pekerja Jualan Yang Tidak Dikelaskan Di Mana-Mana
5249-01,Jurujual Sewa
5311,Pekerja Asuhan Kanak-Kanak
5311-01,Pekerja Asuhan Kanak-Kanak
5312,Pembantu Guru
5312-01,Pembantu Pengurusan Murid Gred N19
5312-06,Pekerja Tadika
5312-07,Pembantu Pegawai Latihan Gred E19
5312-08,Pembantu Pegawai Latihan Vokasional DV19
5312-10,Pembantu Pegawai Latihan Vokasional DV21
5321,Pembantu Penjagaan Kesihatan
5321-01,Pembantu Perawatan Kesihatan Gred U11
5321-02,Pembantu Kesihatan Awam Gred U19
5321-03,Pembantu Perawatan
5321-06,Pembantu Pergigian
5321-08,Pembantu Kelahiran (Klinik atau Hospital)
5321-10,Pembantu Penjagaan Pesakit
5321-11,Pembantu Psikiatri
5321-12,Pembantu Peti Kecemasan
5321-13,Pembantu Pengimbasan Perubatan
5321-14,Phlebotomist
5321-15,Pembantu Steril
5322,Pekerja Penjagaan Diri Di Rumah
5322-05,Pembantu Urus Rumah Gred K3
5322-09,"Pembantu, Penjagaan Orang Tua (Rumah)"
5322-10,Pekerja Penjagaan (Rumah)
5322-12,"Pembantu, Penjagaan Bayi (Rumah)"
5329,Pekerja Penjagaan Diri Dalam Perkhidmatan Kesihatan Yang Tidak Dikelaskandi Mana-Mana
5411,Ahli Bomba
5411-01,Pegawai Bomba Gred KB19
5411-02,Pemadam Kebakaran
5411-03,Pegawai Pencegahan Kebakaran
5412,Pegawai Polis Rendah
5412-01,Pegawai Rendah Polis dan Konstabel Sokongan Gred YT1
5412-02,Pegawai Rendah dan Konstabel Orang Asli Gred YP1
5412-03,Sukarelawan Polis
5412-04,Peronda Polis
5412-08,Koperal Polis
5412-11,Pegawai Rendah Polis dan Konstabel Gred YA1
5413,Pengawal Penjara
5413-01,Pegawai Penjara Gred KA19
5414,Pengawal Keselamatan
5414-01,Pembantu Keselamatan Gred KP19
5414-02,Pengawal Keselamatan Gred KP11
5414-03,Pembantu Tadbir (Keselamatan) Gred 21
5414-04,Pembantu Am (Pengawal Keselamatan) Gred 1
5414-05,Pembantu Am (Keselamatan) Gred 1
5414-06,Pengawal Aktiviti Perjudian
5414-07,Pengawal Peribadi
5414-08,Pengawal Jabatan Gedung Industri
5414-09,Pengawal Keselamatan Persendirian
5414-10,Pengawal
5414-17,Penjaga Pintu
5414-18,Ketua Pengawal Keselamatan
5414-19,Pasukan Sukarelawan Malaysia (RELA)
5414-20,Jaga Gred K3
5415,Pegawai Dan Pembantu Imigresen/ Kastam
5415-01,Pegawai Imigresen Gred KP19
5415-02,Pembantu Penguasa Kastam Gred WK19
5419,Pekerja Perkhidmatan Perlindungan Yang Tidak Dikelaskan Di Mana-Mana
5419-01,Pegawai Lain-Lain Pangkat Penguat kuasa Maritim Gred T1
5419-02,Warden Permainan
5419-05,Penyiasat Perindustrian
5419-06,Penyelia Rekreasi
5419-07,Atendan Kolam Renang
5419-08,Penyelamat
5419-09,Juruselam Penyelamat
5419-11,Warden Lalu lintas
5419-12,Peronda Lebuhraya
5419-13,Pengawal Trafik
5419-14,Warden Kawalan Haiwan
5419-15,Peronda Pantai
5419-16,Pengawal Lintasan Jalan
5419-17,Detektif Pasar Raya
5419-18,Pembantu Penyiasatan KR17
5419-19,Pengawas Pemulihan N1
5419-20,Pembantu Pertahanan Awam Gred KP19
5419-21,Pemeriksa Cap Jari Gred N19
5419-22,Pembantu Pegawai Faedah Sosial
5419-23,Pembantu Penguatkuasa Gred KP19
5419-24,Pembantu Eksekutif (Penguatkuasaan) Gred L11
5419-25,Pembantu Pegawai Pelesenan
5419-29,Pembantu Pendaftaran Gred KP19
5419-30,Pembantu Hidupan Liar Gred G11
7111,Pembina Rumah Dan Pekerja Binaan
7111-01,Pembina Rumah
7111-02,Pekerja Penyelenggaraan Bangunan
7111-03,Orang Yang Kompeten (OYK) - Pengendali Perancah
7111-04,Pekerja Kerangka Bangunan
7111-05,Penegak
7111-06,Barbender
7111-07,Pekerja Binaan
7111-08,Pemasang Pracetak Konkrit IBS (Sistem Binaan Berindustri)
7111-09,Pemasang Panel Lightweight IBS (Sistem Binaan Berindustri)
7112,Penerap Bata Dan Pekerja Yang Berkaitan
7112-01,Penerap Bata
7112-02,Penerap Bata Tanah
7112-03,Pengatur Bebendul Jalan
7112-05,Penyusun Batu
7112-06,Penerap Bata Blok
7112-07,Penerap Bata Tahan Panas
7112-08,Pembina Cerobong Asap
7112-09,"Penerap Bata, Pembinaan"
7112-10,Tukang Batu Pembinaan
7113,"Tukang Batu, Pemotong Batu, Pemecah Batu, Dan Pengukir Batu"
7113-01,Pemecah Batu
7113-04,Penggergaji Batu
7113-05,Penggred Batu
7113-07,Pencanai Batu
7113-09,Penggilap Batu
7113-10,Pemotong Granit
7113-11,Penyiap Batu
7113-12,Tukang Batu
7113-13,Pemecah Pasir
7113-14,Pengemas Batu
7113-15,Operator Mesin Pelarik Batu
7113-16,Pemotong dan Pengemas Batu
7114,"Tukang Letak Konkrit, Pengemas Konkrit, Dan Pekerja Yang Berkaitan"
7114-01,Pekerja Konkrit Bertetulang
7114-02,Pekerja Penutup Acuan Konkrit
7114-04,Pekerja Besi Bertetulang
7114-05,Pelentur Keluli
7114-06,Pengemas Simen
7114-07,Pekerja Simen
7114-08,"Pekerja Simen, Telaga Petroleum dan Gas"
7114-09,Pemasang Keluli
7115,Tukang Kayu Dan Tukang Tanggam
7115-01,Tukang Kayu
7115-02,Tukang Kayu Pembinaan
7115-03,Tukang Tanggam Pembinaan
7115-04,Tukang Tanggam Kapal
7115-05,Pembina Bot Kayu
7115-06,Serimala Kayu
7115-07,Tukang Kayu Kapal
7115-08,Tukang Tanggam Pesawat
7115-09,Tukang Kayu Pentas dan Studio
7115-10,Tukang Kayu Meja
7115-11,Tukang Ukir Kayu
7115-14,Pembelah Kayu
7119,Pekerja Kerangka Bangunan Dan Pekerja Pertukangan Berkaitan Yang Tidak Dikelaskan Di Mana-Mana
7119-01,Tukang Pasang Longkang
7119-02,Pekerja Peruntuhan
7119-03,Pemasang Papan Iklan
7119-04,Tukang Menara
7121,Pemasang Bumbung
7121-01,Pemasang Bumbung
7121-07,Pemasang Atap Pelindung
7121-08,Pemasang Siling
7121-09,"Pemasang Bumbung, Rencaman"
7122,Penurap Lantai Dan Pengatur Jubin
7122-01,Pemasang Jubin
7122-08,Penggilap Marmar
7122-09,Tukang Pasang Permaidani
7123,Tukang Plaster
7123-01,Tukang Plaster
7124,Tukang Penebatan
7124-01,Tukang Penebat
7124-02,"Tukang Penebat, Bangunan"
7124-06,"Tukang Penebat, Peralatan Penyejukan"
7124-08,"Tukang Penebat, Kalis Bunyi"
7124-09,Pemasang Penebat
7125,Tukang Kaca
7125-01,Tukang Kaca
7125-03,"Tukang Kaca, Kenderaan"
7126,Tukang Paip Dan Jurugegas Paip
7126-01,Tukang Paip
7126-02,Jurugegas Paip
7126-03,Jurugegas Tiub Paip Pesawat
7126-04,"Jurugegas Paip, Bekalan Air"
7126-05,"Jurugegas Paip, Kumbahan"
7126-06,"Jurugegas Paip, Marin"
7126-07,"Jurugegas Paip, Pengalihudaran"
7126-08,Penggali Telaga
7126-09,Jurugegas
7126-10,Tukang Pasang Paip
7126-11,Tukang Boring Air
7127,Mekanik Penyaman Udara Dan Penyejukan
7127-01,Mekanik Kelengkapan Penyejukan
7127-02,Mekanik Kelengkapan Penyaman Udara
7131,Tukang Cat Dan Pekerja Yang Berkaitan
7131-01,Tukang Cat
7131-02,"Tukang Cat, Kaca"
7131-03,"Tukang Cat, Seramik"
7131-05,"Tukang Cat, Struktur Keluli"
7131-06,Pemasang Kertas Dinding
7131-08,"Tukang Cat, Logam"
7131-09,Pengecat Papan Tanda
7131-10,"Tukang Cat, Badan Kapal"
7131-11,Pengecat Salutan Serbuk
7132,Tukang Sembur Cat Dan Varnis
7132-01,Penyembur Cat
7132-04,Penyembur Varnis
7132-06,"Penyembur Varnis, Logam"
7132-07,"Penyembur Varnis, Kayu"
7132-08,"Penyembur Varnis, Rotan"
7133,Pencuci Struktur Bangunan
7133-01,Pencuci Luar Bangunan
7133-02,Pembagas Pasir (luar bangunan)
7133-03,Penyapu Cerobong Asap
7133-04,Pekerja Penyahtinjaan
7211,Pembuat Acuan Dan Pembuat Teras Logam
7211-01,Pembuat Acuan
7211-02,Pembaik Acuan Foundri
7211-03,Pembuat Acuan Lantai Foundri
7211-04,Pembuat Acuan Logam
7211-05,Pembuat Acuan Lubang Foundri
7211-08,Pemeriksa Teras Foundri
7211-09,Tukang Acuan
7211-10,Jurufoundri
7212,Pengimpal Dan Pemotong Besi
7212-01,Jurukimpal
7212-02,Pemotong Besi
7212-03,Fomen Pengimpal
7212-04,Tukang Penunu Plumbum
7212-05,Jurukimpal Arka Tungsten Gas
7212-06,Jurukimpal Bawah Laut
7212-07,Tukang Loyang
7212-09,Jurukimpal Paip Gas
7212-10,Pengimpal Fabrikator
7213,Pekerja Kepingan Logam
7213-01,Pekerja Kepingan Logam
7213-02,Tukang Tembaga
7213-03,Pembuat Dandang
7213-04,Tukang Tebuk
7213-05,Pekerja Kepingan Logam Kenderaan
7213-06,Pekerja Kepingan Logam Perhiasan
7213-07,Pekerja Kepingan Logam Pesawat Udara
7213-08,Pengetuk Panel Kenderaan
7213-09,Pengetuk Panel Pesawat
7213-10,Tukang Tanda Kepingan Logam
7213-11,Tukang Pateri
7213-12,Pemateri Logam
7214,Penyedia Dan Penegak Logam Struktur
7214-01,Pekerja Keluli Struktur
7214-02,Penegak Kerangka Keluli
7214-03,Pembuat Plat Kapal
7214-04,Pekerja Rivet (Pasak)
7214-05,Tukang Tanda Kerangka Logam
7214-06,Serimala Kapal Logam
7214-08,Penyedia Kerangka Logam
7214-09,Jurugegas Badan Kapal
7215,Jurutali Dan Penyambung Kabel
7215-01,Jurutali
7215-02,Jurutali Peralatan Angkat
7215-04,Jurutali Pembalakan
7215-05,Jurutali Kapal
7215-06,Jurutali Penggerudian Telaga Petroleum dan Gas
7215-07,Penyambung Tali Kabel
7215-08,Jurutali Pesawat Udara
7215-09,Jurutali Kabel Kereta api
7221,"Tukang Besi, Tukang Tukul, Dan Pekerja Mesin Penempa Logam"
7221-01,Tukang Besi
7221-02,Tukang Tukul
7221-03,Pekerja Drop-Hammer
7221-04,Pekerja Penempaan Logam
7221-05,Tukang Perkakas
7222,Pembuat Peralatan Dan Pekerja Yang Berkaitan
7222-01,Pembuat Perkakas Acuan
7222-05,Tukang Anak Kunci
7222-06,Tukang Kunci
7222-07,Tukang Senjata Api
7222-08,Jurugegas Penyelenggaraan Peralatan Statik
7223,Pengeset Dan Pengendali Peralatan Untuk Mesin Kerja Logam
7223-01,Pelaras Mesin Kerja Logam
7223-02,Pengendali Mesin Kerja Logam
7223-03,Pengeset Mesin Kerja Logam
7223-04,Pengendali Mesin Boring
7223-05,Pengeset Alatan Mesin
7223-06,Pengendali Alatan Mesin
7223-07,Pengendali Pengeset Alatan Mesin
7224,"Penggilap Logam, Pencanai Roda, Dan Pengasah Peralatan"
7224-01,Pencanai Logam
7224-03,Pengasah Alat Mesin
7224-04,Pembaik Gergaji
7224-08,Pencanai Aci Engkol
7224-09,Penggilap Logam
7224-10,Pengemas Logam
7224-11,Pencanai Ulir
7224-12,Pengasah Pisau
7224-13,Pencanai Alatan
7231,Mekanik Dan Pembaik Kenderaan Bermotor
7231-01,Mekanik
7231-02,Mekanik Jentolak
7231-03,Mekanik Motosikal
7231-04,Mekanik Kenderaan Bermotor
7231-05,Mekanik Bengkel
7231-06,Mekanik Garaj
7231-07,Pekerja Bengkel
7231-08,Fomen Kenderaan
7231-09,Mekanik Automotif
7231-10,Pembuat Bingkai Badan Kenderaan
7231-11,Pemukul Panel Badan Kenderaan
7231-12,Pemasang Sealant
7231-13,Pemerinci Kereta
7231-14,Mekanik Automotif Sistem Perkhidmatan Brek
7231-15,Jurugegas Diesel (pengangkutan jalan)
7231-16,Jurugegas Enjin (kereta motor)
7231-17,Mekanik Sistem Enjin dan Minyak Kenderaan Bermotor
7231-18,Mekanik Mekatronik Kenderaan Bermotor
7231-19,Pembaik Kenderaan Bermotor
7231-20,Mekanik Enjil Kecil
7231-21,Ketua Mekanik
7231-22,Mekanik Penyelenggaraan Kereta Elektrik
7231-23,Mekanik Penyelenggaraan Kenderaan Gas Asli
7231-24,Mekanik Penyelenggaraan Kenderaan Bahan Api
7231-25,Kru Pit
7232,Mekanik Dan Pembaik Enjin Pesawat Udara
7232-01,Mekanik Enjin Pesawat
7232-02,Jurugegas Enjin Pesawat
7232-03,Mekanik Perkhidmatan Pesawat
7232-04,Mekanik Helikopter
7232-05,Mekanik Penyelenggaraan Pesawat (Kerangka Pesawat Udara)
7232-07,Mekanik Pesawat
7232-08,Mekanik Loji Kuasa dan Kerangka Pesawat Udara
7232-09,Mekanik Kerangka Pesawat Udara
7232-10,Mekanik Enjin Jet
7232-11,Mekanik Sistem Pneudraulik (Pesawat)
7232-12,Mekanik Loji Kuasa (Pesawat)
7232-13,Mekanik Komponen Enjin Roket
7233,Mekanik Dan Pembaik Jentera Pertanian Dan Perindustrian
7233-01,Mekanik Jentera
7233-02,Mekanik Jentera Perlombongan
7233-03,Mekanik Alat Mesin
7233-04,Mekanik Jentera Perindustrian
7233-05,Mekanik Penyelenggaraan Loji
7233-06,Pekerja Sapu Minyak dan Gris
7233-07,Mekanik Jentera Pembinaan
7233-09,Pembaik Jentera Ladang
7233-10,Jurugegas Jentera Perlombongan
7233-12,Jurugegas Enjin Pegun
7233-13,Pembaik Enjin Pegun
7233-14,Jurumesin Industri
7233-15,Jurumesin CNC (Kawalan Berangka Komputer)
7233-16,Penuras Jentera
7234,Pembaik Basikal Dan Pekerja Yang Berkaitan
7234-03,Pembaik Kincir
7234-04,Mekanik Basikal
7234-05,Pembaik Kereta Bayi
7234-06,Pembaik Kerusi Roda
7239,Mekanik Dan Pembaik Jentera Yang Tidak Dikelaskan Di Mana-Mana
7239-01,Mekanik Enjin Marin
7239-02,Mekanik Kapal
7239-03,Jurugegas Enjin Kereta api
7239-04,Pembaik Enjin Kereta api
7239-05,Pembantu Pemeriksa Kilang dan Jentera Gred J19
7239-06,Pembantu Mekanik
7311,Pembuat Dan Pembaik Peralatan Jitu
7311-01,Pembuat Instrumen Jitu
7311-02,Pembuat Instrumen Pembedahan
7311-03,Pembuat Instrumen Saintifik
7311-04,Pembuat Peralatan Fotografi
7311-05,Pembuat Prostesis Pergigian
7311-06,Pembuat Peralatan Ortopedik
7311-07,Pembuat Jam
7311-08,Pembuat Instrumen Optik
7311-09,Pembuat Alat Imbangan
7311-10,Pembuat Barometer
7311-11,Pembuat Instrumen Meteorologi
7311-12,Pembuat Instrumen Nautika
7311-13,Pembaik Prostesis Pergigian
7311-14,Pembaik Peralatan Ortopedik
7311-15,Pembaik Jam
7311-16,Pembaik Instrumen Optik
7311-17,Pembaik Alat Imbangan
7312,Pembuat Dan Penala Alat Muzik
7312-01,Pembuat Peralatan Muzik
7312-02,Penala Peralatan Muzik
7312-04,Pembuat Piano
7312-05,Pembuat Dram
7312-07,Pelarik Peralatan Muzik
7313,Pekerja Barang Kemas Dan Logam Berharga
7313-01,Tukang Barang Kemas
7313-02,Tukang Emas
7313-03,Tukang Perak
7313-04,Tukang Pewter
7313-05,Pembaik Barang Kemas
7313-06,Penggred Emas
7313-07,Pemotong Permata
7313-08,Pengatur Permata
7313-09,Penggelek Logam Berharga
7313-10,Pengukir Barang Kemas
7313-12,Penyadur Enamel Barang Kemas
7314,Tukang Tembikar Dan Pekerja Yang Berkaitan
7314-01,Tukang Tembikar
7314-02,Penekan Acuan Bata dan Jubin
7314-04,Penuang Tembikar dan Porselin
7314-06,Pelempar Alin Tembikar dan Porselin
7314-07,Pembuat Acuan Tembikar dan Porselin
7314-09,Pengendali Mesin Jig Tembikar dan Porselin
7315,"Pembuat, Pemotong, Pencanai, Dan Pengemas Kaca"
7315-01,Pembengkok Kaca
7315-02,Peniup Kaca
7315-03,Pemotong Kaca
7315-04,Pemotong Kaca Optik
7315-05,Penggilap Kaca
7315-06,Pencanai Kaca
7315-08,Pengemas Kaca
7315-09,Pembikin Kerangka Kaca
7316,"Penulis Papan Tanda, Pelukis Hiasan, Pengukir, Dan Penggores"
7316-01,Penggores
7316-02,Pengukir
7316-03,Pembagas Pasir Kaca
7316-04,Pencelup Seramik
7316-05,"Penyadur Enamel, Kaca"
7316-06,"Penyadur Perak, Cermin"
7316-07,Pembuat Alat Elektrotaip
7316-08,Pembuat Alat Stereotaip
7316-09,"Penghala, Plat Pencetak"
7316-10,Pelukis Hiasan
7316-11,Penulis Papan Tanda
7316-12,Pengukir Kaca
7317,"Pekerja Kraftangan Kayu, Bakul Dan Bahan Yang Berkaitan"
7317-01,Penganyam Tikar
7317-02,"Pekerja Kraftangan, Barangan Kayu"
7317-03,Pembuat Bakul
7317-04,Pembuat Penyapu
7317-05,"Pekerja Kraftangan, Tenunan Buluh"
7317-06,"Pekerja Kraftangan, Barangan Batu"
7317-07,Pembuat Berus
7317-08,Pembuat Perabot Rotan
7317-09,Pembuat Anyaman Rotan
7317-10,Pengajar Pemintal
7318,"Pekerja Kraftangan Tekstil, Barangan Kulit Dan Bahan Yang Berkaitan"
7318-01,Penganyam Songket
7318-02,Pencanting Batik
7318-03,Pembuat Barangan Kulit
7318-04,"Pekerja Kraftangan, Karpet"
7318-05,"Pekerja Kraftangan, Barangan Kulit"
7318-06,"Pekerja Kraftangan, Tekstil"
7318-07,Penyikat Gentian Tekstil
7318-08,Perayau Gentian Tekstil
7318-09,Perajut
7318-10,Pemutar Benang dan Yarn
7318-11,Penenun Karpet
7319,Pekerja Kraftangan Yang Tidak Dikelaskan Di Mana-Mana
7319-01,Pembuat Lencana
7319-02,Pekerja Tukangan
7319-03,Pembuat Mainan Logam
7319-04,Pembuat Aksesori
7319-05,Pekerja Kraftangan
7321,Pekerja Prapencetakan
7321-01,Pengatur Huruf
7321-03,Pengatur Taip
7321-04,Pekerja Kelengkapan Penerbitan Desktop
7321-05,Pekerja Penekan Garisan
7321-06,Pekerja Talian Rentas
7321-07,Pembuat Skrin
7321-08,Pekerja Pra-Penekan
7321-09,Pembuat Plat (Pencetakan)
7322,Pencetak
7322-01,Pencetak
7322-02,Pencetak Tekstil
7322-03,Pencetak Blok
7322-04,Operator Penekan Pencetakan Timbul
7322-05,Penyurih Corak Tekstil
7322-06,Operator Penekan Digital
7322-07,Pengendali Feeder (Pencetakan)
7322-08,Operator Penekan Flexographic
7322-09,Operator Penekan Gravure
7322-10,Pencetak Skrin
7322-11,Operator Penekan Pencetakan Skrin
7322-12,Operator Penekan Web
7322-13,"Operator Mesin, Penekan Cetak Silinder"
7322-14,"Operator Mesin, Penekan Cetak Ofset"
7322-15,"Operator Mesin, Penekan Cetak Putar"
7322-16,"Operator Mesin, Penekan Cetak Rotogravure"
7322-17,"Operator Mesin, Penekan Cetak Litografi Langsung"
7322-18,"Operator Mesin, Penekan Cetak Kertas Dinding"
7322-19,Pencetak Kertas Dinding
7322-20,Operator Pencetakan
7322-21,Pembantu Pencetakan
7323,Pekerja Kemasan Akhir Dan Penjilid Pencetakan
7323-02,Pemotong Kertas
7323-03,Pelekap Peta dan Carta
7323-04,Pencetak Timbul Buku
7323-05,Pekerja Kemasan Akhir Buku
7323-06,"Operator, Collator"
7323-08,Operator Foil Stamp
7323-09,Operator Folder
7323-10,Operator Pelbagai Jilid
7323-12,Operator Saddle Stitch
7323-13,"Operator Mesin, Penjilidan Buku"
7323-14,"Operator Mesin, Ukir Timbul Buku"
7324,Pengukir Dan Penggores Pencetakan Dan Foto
7324-01,Pengukir Pencetakan Plat Logam
7324-02,Penggores Pencetakan Plat Logam
7324-03,Pengukir Pencetakan Batu Litografi
7324-04,Pengukir Foto
7324-05,Pekerja Bilik Gelap
7324-06,Pencuci Filem Warna dan Hitam Putih
7324-07,Pencuci Filem X-Ray
7411,Juruelektrik Bangunan Dan Yang Berkaitan
7411-01,Juruelektrik Bangunan
7411-02,Juruelektrik Pembinaan
7411-03,Juruelektrik
7412,Mekanik Dan Jurugegas Elektrik
7412-01,Penjaga Jentera Elektrik Gred J19
7412-02,Penjaga Jentera Elektrik Gred 11
7412-03,Penjaga Jentera Sekatan Voltan Tinggi
7412-04,Jurugegas Elektrik
7412-06,Pendawai
7412-07,Pembaik Pulih Elektrik Peralatan Rumah
7412-09,Fomen Penyelenggaraan
7412-10,Penjana Generator Elektrik
7412-11,Jurugegas Elektrik Jentera Pejabat
7412-12,Jurugegas Elektrik Motor dan Dinamo
7412-13,Jurugegas Penyelenggaraan
7412-14,Juruelektrik Kapal
7412-15,Juruelektrik Kenderaan
7412-16,Juruelektrik Pesawat
7412-17,Juruelektrik Pentas dan Studio
7412-18,Mekanik Lif
7412-20,Jurugegas Generator Elektrik
7412-21,Penjaga Jentera Elektrik
7412-22,Penjaga Jentera Elektrik Gred P4
7412-23,Penjaga Jentera Elektrik AO
7412-24,Penjaga Jentera Elektrik BO
7412-25,Pendawai Elektrik
7412-26,Penjaga Jentera Elektrik Gred J26
7413,Pemasang Dan Pembaik Talian Elektrik
7413-01,Pemasang Talian Tenaga Elektrik
7413-02,Pekerja Talian Kabel
7413-03,Penyambung Kabel Elektrik
7413-04,Pemasang Kabel Bawah Tanah
7413-05,Pemasang Kabel Bawah Laut
7413-06,Pekerja Sistem Pembaik
7413-07,Juruelektrik Penyelenggaraan
7413-08,Pemasang Pemanas dan Penyelenggaraan Terma Solar
7413-09,Pemasang Penyelenggaraan dan Pemasangan Photovoltaic Solar
7413-10,Pemasang Penyelenggaraan dan Pemasangan Air Panas Solar
7413-11,Pemasang Penyelenggaraan dan Pemasangan Biomas
7413-12,Pemasang Penyelenggaraan dan Pemasangan Hydro
7421,Mekanik Dan Penservis Elektronik
7421-01,Jurugegas Elektronik
7421-04,"Jurugegas Elektronik, Kelengkapan Meteorologi"
7421-05,Mekanik Kelengkapan Elektronik
7422,Pemasang Dan Penservis Teknologi Maklumat Dan Komunikasi
7422-02,Pemasang Telefon dan Telegraf
7422-07,Jurugegas Peralatan Komputer
7422-11,Jurugegas Elektronik Komputer
7422-13,Operator Peralatan Tanpa Wayar
7422-14,Operator Komputer Gred 14
7511,"Pekerja Pemprosesan Daging, Ikan, Dan Penyedia Makanan Yang Berkaitan"
7511-01,Penyembelih
7511-02,Pemotong Daging
7511-03,Penghiris Daging
7511-04,Pembuat Sosej
7511-05,Pengawet Daging
7511-06,Penggaram Ikan
7511-07,Penjeruk Ikan
7511-08,Pemfilet Ikan
7511-09,Pembersih Sarang Burung
7511-10,"Pemeriksa Halal, Rumah Sembelihan"
7511-11,"Penyembelih Halal, Rumah Sembelihan"
7512,"Pembuat Roti, Pastri, Pasta, Dan Konfeksi"
7512-01,Pembuat Roti
7512-02,Pembuat Pastri
7512-03,Pembuat Konfeksi
7512-04,Pembuat Coklat
7512-05,Pembuat Yis
7512-06,Pembuat Mee
7512-07,Pembuat Pasta
7512-08,Pembuat Gula-Gula Getah
7512-09,Pembantu Bakeri
7513,Pembuat Produk Tenusu
7513-01,Pembuat Keju
7513-03,Pembuat Mentega
7514,"Pengawet Buah-Buahan, Sayur-Sayuran Dan Yang Berkaitan"
7514-02,Pengawet Sayuran
7514-03,Pembuat Jus Buah-Buahan
7514-05,Pembuat Jus Sayur-Sayuran
7514-07,Pemerah Minyak
7514-08,Penjeruk Sayuran/Buah
7515,Perasa Dan Penggred Makanan Dan Minuman
7515-10,Penggred Sayur-Sayuran
7515-14,Pemeriksa Padi
7515-16,Penggred Ikan
7515-18,Penggred Telur
7515-19,Penggred Sarang Burung
7515-20,"Inspektor Kualiti, Pemprosesan Daging Halal"
7516,Penyedia Tembakau Dan Pembuat Produk Tembakau
7516-06,Pengawet Tembakau
7516-08,Penghiris Tembakau
7611,Perawat Kayu
7611-02,Perawat Kayu
7611-03,Pengering Kayu
7611-04,Penggred Kayu
7611-05,Penggred Venir
7612,Pembuat Kabinet Dan Pekerja Yang Berkaitan
7612-01,Pembuat Kabinet
7612-04,Pembuat Keranda
7612-05,Pembuat Terompah
7612-06,Pembuat Model Kayu
7612-07,Pemasang Venir
7612-08,Pembuat Bingkai Gambar
7612-11,Pembuat Kerja Kayu
7612-13,Pembuat Alat Permainan Kayu
7612-14,Pembuat Peralatan Sukan Kayu
7612-15,Penggilap Kayu
7612-16,Pengilat Kayu
7612-17,Pengukir Kayu
7612-18,Pembuat Paten Kayu
7613,Pengeset Dan Pengendali Perkakas Mesin Untuk Kerja Kayu
7613-03,Pengeset Mesin Kayu
7613-05,"Penggergaji Tepat, Kerja Kayu"
7613-07,"Operator Mesin Penetap, Kerja Kayu"
7621,"Tukang Jahit, Penjahit Pakaian, Penjahit Pakaian Bulu, Dan Pembuat Topi"
7621-03,Pembuat Topi Wanita
7621-04,Pembuat Songkok
7621-06,Pembuat Rambut Palsu
7621-07,Operator Menjahit
7621-09,Pekerja Menjahit
7621-10,Pembaik Permaidani
7621-11,Penyulam Tangan
7621-12,Pembuat Bunga Tiruan
7621-13,Pembuat Anak Patung dan Alat Permainan Lembut
7621-14,Pembaik Fabrik Kait
7621-15,Pembuat Renda Tangan
7621-16,Pembuat Guni
7621-17,Pembuat Layar Khemah dan Kajang
7621-18,Pembuat Payung
7621-20,Pembuat Sarung Tangan Jaring
7621-21,Penarik Benang Mesin Tenun Tangan
7621-22,Penenun Sarung Tangan Kain
7621-23,Pengait Krusye Tangan
7621-24,Pengait Tangan
7621-25,Pengajar Menenun
7621-27,Pembuat Telekung
7621-28,Penjahit Bulu Binatang
7621-29,Pembuat Sampel
7622,Pembuat-Pola Dan Pemotong Pakaian Dan Bahan Lain Yang Berkaitan
7622-01,"Pembuat-Pola, Pakaian"
7622-02,"Pembuat-Pola, Topi"
7622-03,Pembuat Pakaian
7622-05,Pemotong Khemah
7622-09,Pemotong Tilam
7622-10,Pembuat-Pola Kertas
7622-11,"Pembuat-Pola, Khemah"
7622-12,"Pembuat-Pola, Layar"
7622-13,"Pembuat-Pola, Payung"
7622-14,"Pembuat-Pola, Sarung Tangan"
7622-15,"Pembuat-Pola, Tilam"
7622-16,"Pembuat-Pola, Bulu Binatang"
7622-17,Prototaip Digital
7623,Pembuat Kasut Dan Pekerja Yang Berkaitan
7623-01,Pembuat Kasut
7623-02,Pembuat Kasut Bedah
7623-03,Pembuat Kasut Ortopedik
7623-04,Pembaik Kasut
7623-06,Pembuat Pola Kasut
7623-07,Pembuat Kasut Sukan
7623-08,Pembuat Peralatan Kasut Sukan
7623-09,Pembuat Beg Tangan Kulit
7623-10,Pembuat Dompet
7623-11,Pembuat Tali Pinggang
7624,Pekerja Upholsteri Dan Yang Berkaitan
7624-01,Pembuat Upholsteri Perabot
7624-02,Pembuat Upholsteri Kenderaan
7624-03,Pembuat Tilam
7624-05,Pembuat Perabot Lembut
7624-06,Pembuat Peralatan Tempat Tidur
7624-07,Pembuat Upholsteri Pesawat Udara
7624-08,Pembuat Upholsteri Gerabak Kereta api
7624-09,Pembuat Upholsteri Ortopedik
7625,"Pengemas Kulit Bulu, Penyamak Kulit Binatang, Dan Penyedia Belulang"
7625-02,Penyamak Kulit
7631,Penyelam Dalam Air
7631-01,Juruselam
7631-02,"Juruselam, Pembinaan"
7631-03,Pekerja Dalam Air
7631-04,Juruselam Bawah Air
7632,Pembedil Dan Pembagas
7632-02,Pembagas
7632-04,Peletup
7633,Penggred Dan Penguji Produk (Tidak Termasuk Makanan Dan Minuman)
7633-02,Inspektor Kualiti
7633-03,Pengelas Benang Bulu
7634,Pengasap Dan Pengawal Perosak Dan Rumpai
7634-06,"Operator Pengasapan, Perkhidmatan"
7634-07,"Operator Pengasapan, Rumpai"
7634-08,"Operator Pengasapan, Tanih"
7634-09,Pengawal Rumpai
7639,Pekerja Kemahiran Lain Dan Yang Berkaitan Yang Tidak Dikelaskan Di Mana-Mana
7639-01,Pengemas Lensa Optik
7639-02,Pembuat Acuan Lensa Optik
7639-03,Operator Kamera
7639-04,Pembantu Kemahiran Gred H19
